{
  "DalamudPluginUpdateSuccessful": {
    "message": "    》{0} actualización a v{1}.",
    "description": "Locs.DalamudPluginUpdateSuccessful"
  },
  "DalamudPluginUpdateFailed": {
    "message": "    》{0} actualización a v{1} fallida.",
    "description": "Locs.DalamudPluginUpdateFailed"
  },
  "DalamudUnloadHelp": {
    "message": "Descargar el addon in-game de XIVLauncher.",
    "description": "DalamudCommands.SetupCommands"
  },
  "DalamudPluginReloadHelp": {
    "message": "Recargar todos los plugins.",
    "description": "DalamudCommands.SetupCommands"
  },
  "DalamudCmdInfoHelp": {
    "message": "Mostrar la lista de comandos disponibles.",
    "description": "DalamudCommands.SetupCommands"
  },
  "DalamudMuteHelp": {
    "message": "Silencia una palabra u oración para que no aparezca el chat. Usa: /xlmute <palabra u oración>",
    "description": "DalamudCommands.SetupCommands"
  },
  "DalamudMuteListHelp": {
    "message": "Lista las palabras u oraciones que están silenciadas.",
    "description": "DalamudCommands.SetupCommands"
  },
  "DalamudUnmuteHelp": {
    "message": "Dejar de silenciar una palabra u oración. Usa: /xlunmute <palabra u oración>",
    "description": "DalamudCommands.SetupCommands"
  },
  "DalamudLastLinkHelp": {
    "message": "Abre el último enlace publicado en tu navegador por defecto.",
    "description": "DalamudCommands.SetupCommands"
  },
  "DalamudBgmSetHelp": {
    "message": "Configura la música ambiental del juego. Usa: /xlbgmset <BGM ID>",
    "description": "DalamudCommands.SetupCommands"
  },
  "DalamudDevMenuHelp": {
    "message": "Dibuja el menú dev DEBUG",
    "description": "DalamudCommands.SetupCommands"
  },
  "DalamudDevDataMenuHelp": {
    "message": "Draw dev data menu DEBUG. Usage: /xldata [Data Dropdown Type]",
    "description": "DalamudCommands.SetupCommands"
  },
  "DalamudIMEPanelHelp": {
    "message": "Mostrar panel IME",
    "description": "DalamudCommands.SetupCommands"
  },
  "DalamudDevLogHelp": {
    "message": "Abrir registro dev DEBUG",
    "description": "DalamudCommands.SetupCommands"
  },
  "DalamudInstallerHelp": {
    "message": "Abre el instalador de plugins",
    "description": "DalamudCommands.SetupCommands"
  },
  "DalamudCreditsHelp": {
    "message": "Abre los créditos de Dalamud.",
    "description": "DalamudCommands.SetupCommands"
  },
  "DalamudLanguageHelp": {
    "message": "Establece el idioma de Dalamud y los plugins que lo soporten. Idiomas disponibles: ",
    "description": "DalamudCommands.SetupCommands"
  },
  "DalamudSettingsHelp": {
    "message": "Configura varios ajustes de los addon in-game como los canales de chat y el bot de Discord.",
    "description": "DalamudCommands.SetupCommands"
  },
  "DalamudCmdHelpAvailable": {
    "message": "Comandos disponibles:",
    "description": "DalamudCommands.OnHelpCommand"
  },
  "DalamudMuteNoArgs": {
    "message": "Por favor proporciona una palabra que quieras silenciar.",
    "description": "DalamudCommands.OnBadWordsAddCommand"
  },
  "DalamudMuted": {
    "message": "Silenciada \"{0}\".",
    "description": "DalamudCommands.OnBadWordsAddCommand"
  },
  "DalamudNoneMuted": {
    "message": "No hay palabras u oraciones silenciadas.",
    "description": "DalamudCommands.OnBadWordsListCommand"
  },
  "DalamudUnmuted": {
    "message": "Deja de estar silenciada \"{0}\".",
    "description": "DalamudCommands.OnBadWordsRemoveCommand"
  },
  "DalamudNoLastLink": {
    "message": "No hay último enlace...",
    "description": "DalamudCommands.OnLastLinkCommand"
  },
  "DalamudOpeningLink": {
    "message": "Abriendo {0}",
    "description": "DalamudCommands.OnLastLinkCommand"
  },
  "DalamudLanguageSetTo": {
    "message": "Idioma configurado en {0}",
    "description": "DalamudCommands.OnSetLanguageCommand"
  },
  "TSMDalamudPlugins": {
    "message": "Instalador de Plugins",
    "description": "DalamudInterface..ctor"
  },
  "TSMDalamudSettings": {
    "message": "Ajustes de Dalamud",
    "description": "DalamudInterface..ctor"
  },
  "TSMDalamudDevMenu": {
    "message": "Menú de Desarrollador",
    "description": "DalamudInterface..ctor"
  },
  "InstallerDevTools": {
    "message": "Herramientas de desarrollo",
    "description": "Locs.get_Group_DevTools"
  },
  "InstallerInstalledPlugins": {
    "message": "Plugins instalados",
    "description": "Locs.get_Group_Installed"
  },
  "InstallerAllPlugins": {
    "message": "Todos los Plugins",
    "description": "Locs.get_Group_Available"
  },
  "InstallerChangelog": {
    "message": "Historial de Cambios",
    "description": "Locs.get_Group_Changelog"
  },
  "InstallerCategoryAll": {
    "message": "Todos",
    "description": "Locs.get_Category_All"
  },
  "InstallerInstalledDevPlugins": {
    "message": "Plugins de desarrollo instalados",
    "description": "Locs.get_Category_DevInstalled"
  },
  "InstallerCategoryOther": {
    "message": "Otros",
    "description": "Locs.get_Category_Other"
  },
  "InstallerCategoryJobs": {
    "message": "Jobs",
    "description": "Locs.get_Category_Jobs"
  },
  "InstallerCategoryUI": {
    "message": "Interfaz",
    "description": "Locs.get_Category_UI"
  },
  "InstallerCategoryMiniGames": {
    "message": "Minijuegos",
    "description": "Locs.get_Category_MiniGames"
  },
  "InstallerCategoryInventory": {
    "message": "Inventario",
    "description": "Locs.get_Category_Inventory"
  },
  "InstallerCategorySound": {
    "message": "Sonido",
    "description": "Locs.get_Category_Sound"
  },
  "InstallerCategorySocial": {
    "message": "Social",
    "description": "Locs.get_Category_Social"
  },
  "InstallerCategoryUtility": {
    "message": "Utilidades",
    "description": "Locs.get_Category_Utility"
  },
  "InstallerCategoryPlugins": {
    "message": "Plugins",
    "description": "Locs.get_Category_Plugins"
  },
  "InstallerCategoryDalamud": {
    "message": "Dalamud",
    "description": "Locs.get_Category_Dalamud"
  },
  "DalamudGamepadModeNotifierText": {
    "message": "El modo Gamepad está ACTIVADO. Pulsa L1+L3 para desactivarlo, o pulsa R3 para mostrar u ocultar el PluginInstaller.",
    "description": "GamepadModeNotifierWindow.Draw"
  },
  "DalamudSettingsHeader": {
    "message": "Ajustes del Dalamud",
    "description": "SettingsWindow..ctor"
  },
  "DalamudSettingsFontResolutionLevel0": {
    "message": "Mínimo (textura de 1k x 1k)",
    "description": "SettingsWindow..ctor"
  },
  "DalamudSettingsFontResolutionLevel1": {
    "message": "Menor (textura de 2k x 2k)",
    "description": "SettingsWindow..ctor"
  },
  "DalamudSettingsFontResolutionLevel2": {
    "message": "Normal (textura de 4k x 4k)",
    "description": "SettingsWindow..ctor"
  },
  "DalamudSettingsFontResolutionLevel3": {
    "message": "Mejor (textura de 8k x 8k, podría colgar el juego)",
    "description": "SettingsWindow..ctor"
  },
  "DalamudSettingsFontResolutionLevel4": {
    "message": "Máximo (textura en 16k x 16k, podría colgar el juego)",
    "description": "SettingsWindow..ctor"
  },
  "DalamudSettingsGeneral": {
    "message": "General",
    "description": "SettingsWindow.Draw"
  },
  "DalamudSettingsVisual": {
    "message": "Ver y Sentir",
    "description": "SettingsWindow.Draw"
  },
  "DalamudSettingsServerInfoBar": {
    "message": "Barra de Información de Servidor",
    "description": "SettingsWindow.Draw"
  },
  "DalamudSettingsExperimental": {
    "message": "Experimental",
    "description": "SettingsWindow.Draw"
  },
  "DalamudSettingsLanguage": {
    "message": "Idioma",
    "description": "SettingsWindow.DrawGeneralTab"
  },
  "DalamudSettingsLanguageHint": {
    "message": "Selecciona el idioma en el que se mostrará Dalamud.",
    "description": "SettingsWindow.DrawGeneralTab"
  },
  "DalamudSettingsChannel": {
    "message": "Canal de Chat general",
    "description": "SettingsWindow.DrawGeneralTab"
  },
  "DalamudSettingsChannelHint": {
    "message": "Selecciona el canal de chat que se utilizará para los mensajes generales de Dalamud.",
    "description": "SettingsWindow.DrawGeneralTab"
  },
  "DalamudSettingsFlash": {
    "message": "Hacer que parpadee la pantalla de FFXIV cuando encuentre duty",
    "description": "SettingsWindow.DrawGeneralTab"
  },
  "DalamudSettingsFlashHint": {
    "message": "Selecciona si la ventana de FFXIV debería parpadear en la barra de tareas cuando una duty esté lista.",
    "description": "SettingsWindow.DrawGeneralTab"
  },
  "DalamudSettingsDutyFinderMessage": {
    "message": "Mensaje en el chatlog cuando se encuentre duty",
    "description": "SettingsWindow.DrawGeneralTab"
  },
  "DalamudSettingsDutyFinderMessageHint": {
    "message": "Selecciona si se debería enviar un mensaje al chat de FFXIV cuando una duty esté lista.",
    "description": "SettingsWindow.DrawGeneralTab"
  },
  "DalamudSettingsPrintPluginsWelcomeMsg": {
    "message": "Mostrar plugins cargados en el mensaje de bienvenida",
    "description": "SettingsWindow.DrawGeneralTab"
  },
  "DalamudSettingsPrintPluginsWelcomeMsgHint": {
    "message": "Mostrar plugins cargados en el chat FFXIV al iniciar sesión con un personaje.",
    "description": "SettingsWindow.DrawGeneralTab"
  },
  "DalamudSettingsAutoUpdatePlugins": {
    "message": "Auto-actualizar plugins",
    "description": "SettingsWindow.DrawGeneralTab"
  },
  "DalamudSettingsAutoUpdatePluginsMsgHint": {
    "message": "Actualizar automáticamente los plugins al iniciar sesión con un personaje.",
    "description": "SettingsWindow.DrawGeneralTab"
  },
  "DalamudSettingsSystemMenu": {
    "message": "Botones Dalamud en el menú de sistema",
    "description": "SettingsWindow.DrawGeneralTab"
  },
  "DalamudSettingsSystemMenuMsgHint": {
    "message": "Añade botones para los plugins de Dalamud y los ajustes al menú de sistema.",
    "description": "SettingsWindow.DrawGeneralTab"
  },
  "DalamudSettingsDisableRmtFiltering": {
    "message": "Desactivar Filtro RMT",
    "description": "SettingsWindow.DrawGeneralTab"
  },
  "DalamudSettingsDisableRmtFilteringMsgHint": {
    "message": "Desactivar el filtro de anuncios RMT que trae dalamud de serie.",
    "description": "SettingsWindow.DrawGeneralTab"
  },
  "DalamudSettingDoMbCollect": {
    "message": "Subir información del market board anónimamente",
    "description": "SettingsWindow.DrawGeneralTab"
  },
  "DalamudSettingDoMbCollectHint": {
    "message": "Contribuye, de manera anónima, datos sobre la economía del juego a Universalis cuando utilices el market board. Estos datos no pueden ser usados para identificarte de ninguna manera. ¡Todos salimos beneficiados!",
    "description": "SettingsWindow.DrawGeneralTab"
  },
  "DalamudSettingsGlobalUiScale": {
    "message": "Escala Global de Fuente",
    "description": "SettingsWindow.DrawLookAndFeelTab"
  },
  "DalamudSettingsUiScalePreset6": {
    "message": "9.6pt",
    "description": "SettingsWindow.DrawLookAndFeelTab"
  },
  "DalamudSettingsUiScalePreset12": {
    "message": "Reiniciar (12pt)",
    "description": "SettingsWindow.DrawLookAndFeelTab"
  },
  "DalamudSettingsUiScalePreset14": {
    "message": "14pt",
    "description": "SettingsWindow.DrawLookAndFeelTab"
  },
  "DalamudSettingsUiScalePreset18": {
    "message": "18pt",
    "description": "SettingsWindow.DrawLookAndFeelTab"
  },
  "DalamudSettingsUiScalePreset36": {
    "message": "36pt",
    "description": "SettingsWindow.DrawLookAndFeelTab"
  },
  "DalamudSettingsGlobalUiScaleHint": {
    "message": "Escala el texto de todos los elementos de la interfaz de XIVLauncher. Útil para monitores 4K.",
    "description": "SettingsWindow.DrawLookAndFeelTab"
  },
  "DalamudSettingsOpenStyleEditor": {
    "message": "Abrir Editor de Estilo",
    "description": "SettingsWindow.DrawLookAndFeelTab"
  },
  "DalamudSettingsStyleEditorHint": {
    "message": "Modifica la apariencia de las ventanas de Dalamud.",
    "description": "SettingsWindow.DrawLookAndFeelTab"
  },
  "DalamudSettingToggleAxisFonts": {
    "message": "Utiliza fuentes AXIS como fuente de Dalamud predeterminada",
    "description": "SettingsWindow.DrawLookAndFeelTab"
  },
  "DalamudSettingToggleUiAxisFontsHint": {
    "message": "Utiliza fuentes AXIS (las fuentes principales del juego) como fuente predeterminada de Dalamud.",
    "description": "SettingsWindow.DrawLookAndFeelTab"
  },
  "DalamudSettingsFontResolutionLevel": {
    "message": "Nivel de resolución de fuente",
    "description": "SettingsWindow.DrawLookAndFeelTab"
  },
  "DalamudSettingsFontResolutionLevelHint": {
    "message": "Esta opción permite que las fuentes de Dalamud se vean mejor. Si tu juego se cuelga al seleccionar esta opción, tu PC no soporta fuentes de alta resolución en Dalamud, y tendrás que elegir una menor.\nEl tamaño de fuente atlas actual es {0}px * {1}px.",
    "description": "SettingsWindow.DrawLookAndFeelTab"
  },
  "DalamudSettingToggleUiHideOptOutNote": {
    "message": "Los plugins pueden excluirse independientemente de los ajustes de abajo.",
    "description": "SettingsWindow.DrawLookAndFeelTab"
  },
  "DalamudSettingToggleUiHide": {
    "message": "Esconder el plugin UI cuando la UI del juego está oculta",
    "description": "SettingsWindow.DrawLookAndFeelTab"
  },
  "DalamudSettingToggleUiHideHint": {
    "message": "Marca esta casilla para esconder cualquier ventana abierta por plugins cuando se cambie el overlay del juego.",
    "description": "SettingsWindow.DrawLookAndFeelTab"
  },
  "DalamudSettingToggleUiHideDuringCutscenes": {
    "message": "Ocultar la interfaz del plugin durante las cinemáticas",
    "description": "SettingsWindow.DrawLookAndFeelTab"
  },
  "DalamudSettingToggleUiHideDuringCutscenesHint": {
    "message": "Ocultar cualquier ventana abierta por plugins durante cinemáticas.",
    "description": "SettingsWindow.DrawLookAndFeelTab"
  },
  "DalamudSettingToggleUiHideDuringGpose": {
    "message": "Ocultar la interfaz del plugin mientras gpose está activo",
    "description": "SettingsWindow.DrawLookAndFeelTab"
  },
  "DalamudSettingToggleUiHideDuringGposeHint": {
    "message": "Ocultar cualquier ventana abierta por plugins mientras gpose está activo.",
    "description": "SettingsWindow.DrawLookAndFeelTab"
  },
  "DalamudSettingToggleFocusManagement": {
    "message": "Usar escape para cerrar ventanas de Dalamud",
    "description": "SettingsWindow.DrawLookAndFeelTab"
  },
  "DalamudSettingToggleFocusManagementHint": {
    "message": "Ésto causará que las ventanas de Dalamud se comporten como las del juego cuando pulses escape.\nSe cerrarán de una en una hasta que todas se hayan cerrado. Puede no funcionar con todos los plugins.",
    "description": "SettingsWindow.DrawLookAndFeelTab"
  },
  "DalamudSettingToggleViewports": {
    "message": "Habilitar ventanas en varias pantallas",
    "description": "SettingsWindow.DrawLookAndFeelTab"
  },
  "DalamudSettingToggleViewportsHint": {
    "message": "Esta opción permite mover ventanas de plugins a otros monitores.\nSólo funciona en modo Ventana sin Bordes o en modo Ventana.",
    "description": "SettingsWindow.DrawLookAndFeelTab"
  },
  "DalamudSettingToggleDocking": {
    "message": "Habilitar acoplamiento de ventanas",
    "description": "SettingsWindow.DrawLookAndFeelTab"
  },
  "DalamudSettingToggleDockingHint": {
    "message": "Esto le permitirá fusionar y pestañas ventanas de plugin.",
    "description": "SettingsWindow.DrawLookAndFeelTab"
  },
  "DalamudSettingToggleGamepadNavigation": {
    "message": "Controlar plugins mediante el mando",
    "description": "SettingsWindow.DrawLookAndFeelTab"
  },
  "DalamudSettingToggleGamepadNavigationHint": {
    "message": "Esto te permitirá pasar de controlar el juego a navegar por el menú de plugins con el mando pulsando L1 y L3.\nCambia a la ventana de PluginInstaller con R3 si tienes activada la navegación ImGui.",
    "description": "SettingsWindow.DrawLookAndFeelTab"
  },
  "DalamudSettingToggleTsm": {
    "message": "Mostrar menú en la pantalla de título",
    "description": "SettingsWindow.DrawLookAndFeelTab"
  },
  "DalamudSettingToggleTsmHint": {
    "message": "Esta opción permite acceder a ciertas funcionalidades de Dalamud y Plugins desde la pantalla de título.",
    "description": "SettingsWindow.DrawLookAndFeelTab"
  },
  "DalamudSettingsFontGamma": {
    "message": "Gamma de Fuente",
    "description": "SettingsWindow.DrawLookAndFeelTab"
  },
  "DalamudSettingsIndividualConfigResetToDefaultValue": {
    "message": "Reiniciar",
    "description": "SettingsWindow.DrawLookAndFeelTab"
  },
  "DalamudSettingsFontGammaHint": {
    "message": "Cambia el grosor del texto.",
    "description": "SettingsWindow.DrawLookAndFeelTab"
  },
  "DalamudSettingServerInfoBar": {
    "message": "Configuración de la Barra de Información de Servidor",
    "description": "SettingsWindow.DrawServerInfoBarTab"
  },
  "DalamudSettingServerInfoBarHint": {
    "message": "Los Plugins pueden añadir información adicional en la barra de información del servidor (donde aparecen el Mundo y la hora actual).\nPuedes reordenar y desactivar esos elementos aquí.",
    "description": "SettingsWindow.DrawServerInfoBarTab"
  },
  "DalamudSettingServerInfoBarDidNone": {
    "message": "No tienes ningún plugin que haga uso de esta función.",
    "description": "SettingsWindow.DrawServerInfoBarTab"
  },
  "DalamudSettingServerInfoBarSpacing": {
    "message": "Espaciado de Barra de Información de Servidor",
    "description": "SettingsWindow.DrawServerInfoBarTab"
  },
  "DalamudSettingServerInfoBarSpacingHint": {
    "message": "Ajusta la distancia entre los elementos de la barra de información de servidor.",
    "description": "SettingsWindow.DrawServerInfoBarTab"
  },
  "DalamudSettingServerInfoBarDirection": {
    "message": "Dirección de la Barra de Información de Servidor",
    "description": "SettingsWindow.DrawServerInfoBarTab"
  },
  "DalamudSettingServerInfoBarDirectionHint": {
    "message": "Si se activa, los elementos de la Barra de Información de Servidor se expandirán hacia la derecha en lugar de hacia la izquierda.",
    "description": "SettingsWindow.DrawServerInfoBarTab"
  },
  "DalamudSettingsPluginTest": {
    "message": "Conseguir las builds de testeo de plugin",
    "description": "SettingsWindow.DrawExperimentalTab"
  },
  "DalamudSettingsPluginTestHint": {
    "message": "Marca esta casilla para recibir prelanzamientos de plugins.",
    "description": "SettingsWindow.DrawExperimentalTab"
  },
  "DalamudSettingsPluginTestWarning": {
    "message": "Es posible que los plugins de prueba no hayan sido revisados antes de ser publicados. Por favor, habilite esto sólo si está al tanto de los riesgos.",
    "description": "SettingsWindow.DrawExperimentalTab"
  },
  "DalamudSettingsClearHidden": {
    "message": "Limpiar plugins ocultos",
    "description": "SettingsWindow.DrawExperimentalTab"
  },
  "DalamudSettingsClearHiddenHint": {
    "message": "Restaurar plugins que has escondido previamente del instalador del plugin.",
    "description": "SettingsWindow.DrawExperimentalTab"
  },
  "DalamudSettingsCustomRepo": {
    "message": "Repositorios de plugins personalizados",
    "description": "SettingsWindow.DrawCustomReposSection"
  },
  "DalamudSettingsChanged": {
    "message": "(Cambiado)",
    "description": "SettingsWindow.DrawCustomReposSection"
  },
  "DalamudSettingCustomRepoHint": {
    "message": "Añadir repositorios de plugins personalizados.",
    "description": "SettingsWindow.DrawCustomReposSection"
  },
  "DalamudSettingCustomRepoWarning": {
    "message": "No podemos asumir ninguna responsabilidad por plugins y repositorios de terceros.\nTenga cuidado al instalar plugins de terceros desde fuentes no confiables.",
    "description": "SettingsWindow.DrawCustomReposSection"
  },
  "DalamudThirdRepoExists": {
    "message": "El repo ya existe.",
    "description": "SettingsWindow.DrawCustomReposSection"
  },
  "DalamudSettingsDevPluginLocation": {
    "message": "Localizaciones de los plugins de desarrollo",
    "description": "SettingsWindow.DrawDevPluginLocationsSection"
  },
  "DalamudSettingsDevPluginLocationsHint": {
    "message": "Añade localizaciones adicionales de plugins de desarrollo.\nPueden ser tanto el directorio como la dirección del DLL.",
    "description": "SettingsWindow.DrawDevPluginLocationsSection"
  },
  "DalamudDevPluginLocationExists": {
    "message": "La localización ya existe.",
    "description": "SettingsWindow.DrawDevPluginLocationsSection"
  },
  "Save": {
    "message": "Guardar",
    "description": "SettingsWindow.DrawSaveCloseButtons"
  },
  "Close": {
    "message": "Cerrar",
    "description": "SettingsWindow.DrawSaveCloseButtons"
  },
  "SaveAndClose": {
    "message": "Guardar y cerrar",
    "description": "SettingsWindow.DrawSaveCloseButtons"
  },
  "RenameStyleModalTitle": {
    "message": "Cambiar el nombre de estilo",
    "description": "StyleEditorWindow.Draw"
  },
  "StyleEditorChooseStyle": {
    "message": "Elegir estilo:",
    "description": "StyleEditorWindow.Draw"
  },
  "StyleEditorAddNew": {
    "message": "Crear un estilo nuevo",
    "description": "StyleEditorWindow.Draw"
  },
  "StyleEditorDeleteStyle": {
    "message": "Eliminar estilo actual",
    "description": "StyleEditorWindow.Draw"
  },
  "StyleEditorRenameStyle": {
    "message": "Renombrar estilo",
    "description": "StyleEditorWindow.Draw"
  },
  "StyleEditorCopy": {
    "message": "Copiar estilo al portapapeles para compartir",
    "description": "StyleEditorWindow.Draw"
  },
  "StyleEditorImport": {
    "message": "Importar estilo desde el portapapeles",
    "description": "StyleEditorWindow.Draw"
  },
  "StyleEditorNotAllowed": {
    "message": "No puedes editar los estilos de serie. Por favor, añade uno nuevo primero.",
    "description": "StyleEditorWindow.Draw"
  },
  "StyleEditorApplying": {
    "message": "Aplicando estilo...",
    "description": "StyleEditorWindow.Draw"
  },
  "StyleEditorVariables": {
    "message": "Variables",
    "description": "StyleEditorWindow.Draw"
  },
  "StyleEditorColors": {
    "message": "Colores",
    "description": "StyleEditorWindow.Draw"
  },
  "StyleEditorEnterName": {
    "message": "Por favor, define el nombre del estilo.",
    "description": "StyleEditorWindow.Draw"
  },
  "InstallerHeader": {
    "message": "Instalador de plugins",
    "description": "Locs.get_WindowTitle"
  },
  "InstallerHeaderTesting": {
    "message": " (TESTING)",
    "description": "Locs.get_WindowTitleMod_Testing"
  },
  "InstallerHint": {
    "message": "Esta ventana permite instalar y eliminar los plugins in-game.\nFueron hechos por desarrolladores de terceros.",
    "description": "Locs.get_Header_Hint"
  },
  "InstallerSearch": {
    "message": "Buscar",
    "description": "Locs.get_Header_SearchPlaceholder"
  },
  "InstallerAlphabetical": {
    "message": "Alfabético",
    "description": "Locs.get_SortBy_Alphabetical"
  },
  "InstallerDownloadCount": {
    "message": "Número de Descargas",
    "description": "Locs.get_SortBy_DownloadCounts"
  },
  "InstallerLastUpdate": {
    "message": "Última actualización",
    "description": "Locs.get_SortBy_LastUpdate"
  },
  "InstallerNewOrNot": {
    "message": "Nuevo o no",
    "description": "Locs.get_SortBy_NewOrNot"
  },
  "InstallerNotInstalled": {
    "message": "No Instalado",
    "description": "Locs.get_SortBy_NotInstalled"
  },
  "InstallerSortBy": {
    "message": "Ordenar por",
    "description": "Locs.get_SortBy_Label"
  },
  "InstallerLoading": {
    "message": "Cargando plugins...",
    "description": "Locs.get_TabBody_LoadingPlugins"
  },
  "InstallerDownloadFailed": {
    "message": "La descarga falló.",
    "description": "Locs.get_TabBody_DownloadFailed"
  },
  "InstallerSafeMode": {
    "message": "Dalamud se está ejectuando en Modo De Plugins Seguro, reinicia para activar los plugins.",
    "description": "Locs.get_TabBody_SafeMode"
  },
  "InstallerNoMatching": {
    "message": "No se han encontrado plugins que se correspondan con tu búsqueda.",
    "description": "Locs.get_TabBody_SearchNoMatching"
  },
  "InstallerNoCompatible": {
    "message": "No se encontraron plugins compatibles :( Por favor reinicia el juego e inténtalo de nuevo.",
    "description": "Locs.get_TabBody_SearchNoCompatible"
  },
  "InstallerNoInstalled": {
    "message": "En este momento no hay plugins instalados. Puedes instalarlos desde la pestaña \"Todos los Plugins\".",
    "description": "Locs.get_TabBody_SearchNoInstalled"
  },
  "InstallerNoChangelog": {
    "message": "Ningún plugin instalado actualmente tiene un historial de cambios.",
    "description": "Locs.get_TabBody_ChangelogNone"
  },
  "InstallerInstalled": {
    "message": " (instalado)",
    "description": "Locs.get_PluginTitleMod_Installed"
  },
  "InstallerDisabled": {
    "message": " (desactivado)",
    "description": "Locs.get_PluginTitleMod_Disabled"
  },
  "InstallerUnloaded": {
    "message": " (sin cargar)",
    "description": "Locs.get_PluginTitleMod_Unloaded"
  },
  "InstallerHasUpdate": {
    "message": " (tiene actualización)",
    "description": "Locs.get_PluginTitleMod_HasUpdate"
  },
  "InstallerUpdated": {
    "message": " (actualizado)",
    "description": "Locs.get_PluginTitleMod_Updated"
  },
  "InstallerTestingVersion": {
    "message": " (versión de prueba)",
    "description": "Locs.get_PluginTitleMod_TestingVersion"
  },
  "InstallerUpdateFailed": {
    "message": " (actualización fallida)",
    "description": "Locs.get_PluginTitleMod_UpdateFailed"
  },
  "InstallerLoadError": {
    "message": " (error de carga)",
    "description": "Locs.get_PluginTitleMod_LoadError"
  },
  "InstallerUnloadError": {
    "message": " (error de descarga)",
    "description": "Locs.get_PluginTitleMod_UnloadError"
  },
  "InstallerOutdatedError": {
    "message": " (desactualizado)",
    "description": "Locs.get_PluginTitleMod_OutdatedError"
  },
  "InstallerBannedError": {
    "message": " (deshabilitado automáticamente)",
    "description": "Locs.get_PluginTitleMod_BannedError"
  },
  "InstallerNewPlugin ": {
    "message": " ¡Nuevo!",
    "description": "Locs.get_PluginTitleMod_New"
  },
  "InstallerMarkAllSeen": {
    "message": "Marcar todos como leído",
    "description": "Locs.get_PluginContext_MarkAllSeen"
  },
  "InstallerHidePlugin": {
    "message": "Ocultar del instalador",
    "description": "Locs.get_PluginContext_HidePlugin"
  },
  "InstallerDeletePluginConfig": {
    "message": "Reiniciar plugin",
    "description": "Locs.get_PluginContext_DeletePluginConfig"
  },
  "InstallerDeletePluginConfigReload": {
    "message": "Reiniciar ajustes del plugin y recargar",
    "description": "Locs.get_PluginContext_DeletePluginConfigReload"
  },
  "InstallerAuthorWithoutDownloadCount": {
    "message": " por {0}",
    "description": "Locs.PluginBody_AuthorWithoutDownloadCount"
  },
  "InstallerAuthorWithDownloadCount": {
    "message": " por {0}, {1} descargas",
    "description": "Locs.PluginBody_AuthorWithDownloadCount"
  },
  "InstallerAuthorWithDownloadCountUnavailable": {
    "message": " por {0}, número de descargas no disponible",
    "description": "Locs.PluginBody_AuthorWithDownloadCountUnavailable"
  },
  "InstallerHeaderAuthor": {
    "message": " por {0}",
    "description": "Locs.PluginBody_Author"
  },
  "InstallerHeaderDownloadCount": {
    "message": ", {0} descargas",
    "description": "Locs.PluginBody_DownloadCount"
  },
  "InstallerDevPluginPath": {
    "message": "Desde {0}",
    "description": "Locs.PluginBody_DevPluginPath"
  },
  "InstallerPlugin3rdPartyRepo": {
    "message": "Desde el repositorio de plugins personalizado {0}",
    "description": "Locs.PluginBody_Plugin3rdPartyRepo"
  },
  "InstallerDevPlugin": {
    "message": " Este plugin está disponible en uno de tus repositorios, por favor bórralo de la carpeta devPlugins.",
    "description": "Locs.get_PluginBody_AvailableDevPlugin"
  },
  "InstallerDeleteDevPlugin ": {
    "message": " Para borrar este plugin, por favor bórralo de la carpeta devPlugins.",
    "description": "Locs.get_PluginBody_DeleteDevPlugin"
  },
  "InstallerOutdatedPluginBody ": {
    "message": "Este plugin está sin actualizar y en estos momentos es incompatible. Por favor, espera a que su autor lo actualice.",
    "description": "Locs.get_PluginBody_Outdated"
  },
  "InstallerBannedPluginBody ": {
    "message": "Este plugin ha sido deshabilitado automáticamente debido a incompatibilidades y no se encuentra disponible en este momento. Por favor, espera a que su autor/a lo actualice.",
    "description": "Locs.get_PluginBody_Banned"
  },
  "InstallerBannedPluginBodyReason ": {
    "message": "Este plugin ha sido deshabilitado automáticamente: {0}",
    "description": "Locs.PluginBody_BannedReason"
  },
  "InstallerInstall": {
    "message": "Instalar versión {0}",
    "description": "Locs.PluginButton_InstallVersion"
  },
  "InstallerWorking": {
    "message": "En funcionamiento",
    "description": "Locs.get_PluginButton_Working"
  },
  "InstallerDisable": {
    "message": "Desactivar",
    "description": "Locs.get_PluginButton_Disable"
  },
  "InstallerLoad": {
    "message": "Cargar",
    "description": "Locs.get_PluginButton_Load"
  },
  "InstallerUnload": {
    "message": "Descargar",
    "description": "Locs.get_PluginButton_Unload"
  },
  "InstallerOpenConfig": {
    "message": "Abrir configuración",
    "description": "Locs.get_PluginButtonToolTip_OpenConfiguration"
  },
  "InstallerStartOnBoot": {
    "message": "Arrancar al inicio",
    "description": "Locs.get_PluginButtonToolTip_StartOnBoot"
  },
  "InstallerAutomaticReloading": {
    "message": "Recarga automática",
    "description": "Locs.get_PluginButtonToolTip_AutomaticReloading"
  },
  "InstallerDeletePlugin ": {
    "message": "Borrar plugin",
    "description": "Locs.get_PluginButtonToolTip_DeletePlugin"
  },
  "InstallerVisitPluginUrl": {
    "message": "Visitar URL del plugin",
    "description": "Locs.get_PluginButtonToolTip_VisitPluginUrl"
  },
  "InstallerUpdateSingle": {
    "message": "Actualizar a {0}",
    "description": "Locs.PluginButtonToolTip_UpdateSingle"
  },
  "InstallerUnloadFailedTooltip": {
    "message": "No se ha podido descargar el plugin, por favor reinicia el juego y prueba de nuevo.",
    "description": "Locs.get_PluginButtonToolTip_UnloadFailed"
  },
  "NotificationsPluginInstalledTitle": {
    "message": "¡Plugin instalado!",
    "description": "Locs.get_Notifications_PluginInstalledTitle"
  },
  "NotificationsPluginInstalled": {
    "message": "'{0}' ha sido instalado con éxito.",
    "description": "Locs.Notifications_PluginInstalled"
  },
  "NotificationsPluginNotInstalledTitle": {
    "message": "¡Plugin no instalado!",
    "description": "Locs.get_Notifications_PluginNotInstalledTitle"
  },
  "NotificationsPluginNotInstalled": {
    "message": "No se ha podido instalar '{0}'.",
    "description": "Locs.Notifications_PluginNotInstalled"
  },
  "NotificationsNoUpdatesFoundTitle": {
    "message": "¡No se han encontrado actualizaciones!",
    "description": "Locs.get_Notifications_NoUpdatesFoundTitle"
  },
  "NotificationsNoUpdatesFound": {
    "message": "No se han encontrado actualizaciones.",
    "description": "Locs.get_Notifications_NoUpdatesFound"
  },
  "NotificationsUpdatesInstalledTitle": {
    "message": "¡Actualizaciones instaladas!",
    "description": "Locs.get_Notifications_UpdatesInstalledTitle"
  },
  "NotificationsUpdatesInstalled": {
    "message": "Se instalaron actualizaciones para {0} de tus plugins.",
    "description": "Locs.Notifications_UpdatesInstalled"
  },
  "NotificationsPluginDisabledTitle": {
    "message": "¡Plugin deshabilitado!",
    "description": "Locs.get_Notifications_PluginDisabledTitle"
  },
  "NotificationsPluginDisabled": {
    "message": "Se ha deshabilitado '{0}'.",
    "description": "Locs.Notifications_PluginDisabled"
  },
  "InstallerUpdatePlugins": {
    "message": "Actualizar plugins",
    "description": "Locs.get_FooterButton_UpdatePlugins"
  },
  "InstallerInProgress": {
    "message": "Instalación en curso...",
    "description": "Locs.get_FooterButton_InProgress"
  },
  "InstallerNoUpdates": {
    "message": "¡No hay actualizaciones!",
    "description": "Locs.get_FooterButton_NoUpdates"
  },
  "InstallerUpdateComplete": {
    "message": "¡{0} plugins se han actualizado!",
    "description": "Locs.FooterButton_UpdateComplete"
  },
  "InstallerSettings": {
    "message": "Ajustes",
    "description": "Locs.get_FooterButton_Settings"
  },
  "InstallerScanDevPlugins": {
    "message": "Escanear plugins de desarrollo",
    "description": "Locs.get_FooterButton_ScanDevPlugins"
  },
  "InstallerClose": {
    "message": "Cerrar",
    "description": "Locs.get_FooterButton_Close"
  },
  "InstallerError": {
    "message": "Error del instalador",
    "description": "Locs.get_ErrorModal_Title"
  },
  "InstallerContactAuthor": {
    "message": "Por favor, reinicia el juego y prueba de nuevo. Si vuelves a encontrar este error, contacta con el autor del plugin.",
    "description": "Locs.get_ErrorModal_InstallContactAuthor"
  },
  "InstallerInstallFail": {
    "message": "No se ha podido instalar el plugin {0}.\n{1}",
    "description": "Locs.ErrorModal_InstallFail"
  },
  "InstallerSingleUpdateFail": {
    "message": "No se ha podido actualizar el plugin {0}.\n{1}",
    "description": "Locs.ErrorModal_SingleUpdateFail"
  },
  "InstallerDeleteConfigFail": {
    "message": "No se ha podido restablecer el plugin {0}.\nEs posible que el plugin no soporte esta acción. Puedes probar a borrar la configuración manualmente, siempre con el juego cerrado - por favor, lee el FAQ.",
    "description": "Locs.ErrorModal_DeleteConfigFail"
  },
  "InstallerEnableFail": {
    "message": "No se ha podido habilitar el plugin {0}.\n{1}",
    "description": "Locs.ErrorModal_EnableFail"
  },
  "InstallerDisableFail": {
    "message": "No se ha podido deshabilitar el plugin {0}.\n{1}",
    "description": "Locs.ErrorModal_DisableFail"
  },
  "InstallerUnloadFail": {
    "message": "No se ha podido descargar el plugin {0}.\n{1}",
    "description": "Locs.ErrorModal_UnloadFail"
  },
  "InstallerLoadFail": {
    "message": "No se ha podido cargar el plugin {0}.\n{1}",
    "description": "Locs.ErrorModal_LoadFail"
  },
  "InstallerDeleteFail": {
    "message": "No se ha podido eliminar el plugin {0}.\n{1}",
    "description": "Locs.ErrorModal_DeleteFail"
  },
  "InstallerUpdaterFatal": {
    "message": "No se han podido actualizar los plugins.\nPor favor, reinicia el juego y prueba de nuevo. Si vuelves a encontrar este error, manda una queja.",
    "description": "Locs.get_ErrorModal_UpdaterFatal"
  },
  "InstallerUpdaterFail": {
    "message": "No se han podido actualizar {0} plugins.\nPor favor, reinicia el juego y prueba de nuevo. Si vuelves a encontrar este error, manda una queja.",
    "description": "Locs.ErrorModal_UpdaterFail"
  },
  "InstallerUpdaterFailPartial": {
    "message": "Actualizados {0} plugins, pero {1} de ellos no se han podido actualizar.\nPor favor, reinicia el juego y prueba de nuevo. Si vuelves a encontrar este error, manda una queja.",
    "description": "Locs.ErrorModal_UpdaterFailPartial"
  },
  "InstallerErrorPluginInfo": {
    "message": "\n\nLos siguientes plugins provocaron estos problemas:\n\n{0}\nPuedes intentar desinstalarlos manualmente y reinstalarlos.",
    "description": "Locs.ErrorModal_HintBlame"
  },
  "InstallerFeedback": {
    "message": "Enviar Comentarios",
    "description": "Locs.get_FeedbackModal_Title"
  },
  "InstallerFeedbackInfo": {
    "message": "Puedes mandar comentarios al desarrollador/a de \"{0}\" aquí.\nPuedes incluir tu usuario de Discord o email si deseas que puedan responderte. \n\nSi lo que quieres es informar de un error con el problema, recomendamos que te unas al servidor de Discord de XIVLauncher.",
    "description": "Locs.FeedbackModal_Text"
  },
  "InstallerFeedbackHasUpdate": {
    "message": "Hay disponible una nueva versión de este plugin. Por favor, actualízalo antes de informar de errores.",
    "description": "Locs.get_FeedbackModal_HasUpdate"
  },
  "InstallerFeedbackContactInfo": {
    "message": "Información de contacto",
    "description": "Locs.get_FeedbackModal_ContactInformation"
  },
  "InstallerFeedbackIncludeLastError": {
    "message": "Incluir último mensaje de error",
    "description": "Locs.get_FeedbackModal_IncludeLastError"
  },
  "InstallerFeedbackIncludeLastErrorHint": {
    "message": "Esta opción puede dar al desarrollador del plugin información útil sobre el problema.",
    "description": "Locs.get_FeedbackModal_IncludeLastErrorHint"
  },
  "InstallerFeedbackHint": {
    "message": "Todos los desarrolladores de plugins podrán ver tus comentarios.\nPor favor nunca incluyas ninguna información personal o que te pueda identificar.\nSi elegiste incluir el último mensaje de error, éste puede incluir información como tu nombre de usuario de Windows.\n\nNo almacenamos los comentarios reunidos, son enviados directamente a Discord.",
    "description": "Locs.get_FeedbackModal_Hint"
  },
  "InstallerFeedbackNotificationSuccess": {
    "message": "¡Tu comentario ha sido enviado con éxito!",
    "description": "Locs.get_FeedbackModal_NotificationSuccess"
  },
  "InstallerFeedbackNotificationError": {
    "message": "Tu comentario no ha podido ser enviado.",
    "description": "Locs.get_FeedbackModal_NotificationError"
  },
  "DalamudPluginUpdates": {
    "message": "Actualizaciones:",
    "description": "Locs.get_PluginUpdateHeader_Chatbox"
  },
  "OK": {
    "message": "OK",
    "description": "Locs.get_ErrorModalButton_Ok"
  },
  "DalamudWelcome": {
    "message": "Dalamud vD{0} cargado.",
    "description": "ChatHandlers.PrintWelcomeMessage"
  },
  "PluginsWelcome": {
    "message": " {0} plugin(s) cargado(s).",
    "description": "ChatHandlers.PrintWelcomeMessage"
  },
  "DalamudPluginLoaded": {
    "message": "    》 {0} v{1} cargado.",
    "description": "ChatHandlers.PrintWelcomeMessage"
  },
  "DalamudUpdated": {
    "message": "¡Dalamud ha sido actualizado con éxito! Por favor, comprueba el historial de cambios en Discord.",
    "description": "ChatHandlers.PrintWelcomeMessage"
  },
  "DalamudPluginUpdateCheckFail": {
    "message": "No pudo buscar para actualizaciónes de los plugins.",
    "description": "<>c__DisplayClass16_0.<AutoUpdatePlugins>b__1"
  },
  "DalamudPluginAutoUpdate": {
    "message": "Actualización automática:",
    "description": "<>c__DisplayClass16_0.<AutoUpdatePlugins>b__1"
  },
  "NotificationUpdatedPlugins": {
    "message": "Se han actualizado {0} de tus plugins.",
    "description": "<>c__DisplayClass16_0.<AutoUpdatePlugins>b__1"
  },
  "NotificationAutoUpdate": {
    "message": "Actualizar automáticamente",
    "description": "<>c__DisplayClass16_0.<AutoUpdatePlugins>b__1"
  },
  "DalamudPluginUpdateRequired": {
    "message": "Uno o más de tus plugins deben ser actualizados. ¡Por favor utiliza el comando /xlplugins para actualizarlos!",
    "description": "<>c__DisplayClass16_0.<AutoUpdatePlugins>b__1"
  },
  "SystemMenuPlugins": {
    "message": "Plugins de Dalamud",
    "description": "DalamudAtkTweaks..ctor"
  },
  "SystemMenuSettings": {
    "message": "Ajustes de Dalamud",
    "description": "DalamudAtkTweaks..ctor"
  }
}