{
  "DalamudPluginUpdateSuccessful": {
    "message": "    {0} atualizado para v{1}.",
    "description": "Locs.DalamudPluginUpdateSuccessful"
  },
  "DalamudPluginUpdateFailed": {
    "message": "    Atualização de {0} para v{1} falhou.",
    "description": "Locs.DalamudPluginUpdateFailed"
  },
  "DalamudUnloadHelp": {
    "message": "Desinjeta o addon do XIVLauncher do jogo.",
    "description": "DalamudCommands.SetupCommands"
  },
  "DalamudPluginReloadHelp": {
    "message": "Recarrega todas os plugins.",
    "description": "DalamudCommands.SetupCommands"
  },
  "DalamudCmdInfoHelp": {
    "message": "Mostra a lista de comandos disponíveis.",
    "description": "DalamudCommands.SetupCommands"
  },
  "DalamudMuteHelp": {
    "message": "Silencia uma palavra ou frase no chat. Uso: /xlmute <palavra ou frase>",
    "description": "DalamudCommands.SetupCommands"
  },
  "DalamudMuteListHelp": {
    "message": "Lista palavras ou frases silenciadas.",
    "description": "DalamudCommands.SetupCommands"
  },
  "DalamudUnmuteHelp": {
    "message": "Deixar de silenciar uma palavra ou frase. Uso: /xlunmute <palavra ou frase>",
    "description": "DalamudCommands.SetupCommands"
  },
  "DalamudLastLinkHelp": {
    "message": "Abre o último link publicado em seu navegador padrão.",
    "description": "DalamudCommands.SetupCommands"
  },
  "DalamudBgmSetHelp": {
    "message": "Define a música de fundo do jogo. Uso: /xlbgmset <BGM ID>",
    "description": "DalamudCommands.SetupCommands"
  },
  "DalamudDevMenuHelp": {
    "message": "Mostrar o menu de DEBUG de desenvolvedor",
    "description": "DalamudCommands.SetupCommands"
  },
  "DalamudDevDataMenuHelp": {
    "message": "Mostrar o menu de DEBUG de desenvolvedor. Uso: /xldata [Data Dropdown Type]",
    "description": "DalamudCommands.SetupCommands"
  },
  "DalamudIMEPanelHelp": {
    "message": "Exibir painel IME",
    "description": "DalamudCommands.SetupCommands"
  },
  "DalamudDevLogHelp": {
    "message": "Abrir o DEBUG log de dev",
    "description": "DalamudCommands.SetupCommands"
  },
  "DalamudInstallerHelp": {
    "message": "Abrir o instalador de plugins",
    "description": "DalamudCommands.SetupCommands"
  },
  "DalamudCreditsHelp": {
    "message": "Mostrar os créditos do Dalamud.",
    "description": "DalamudCommands.SetupCommands"
  },
  "DalamudLanguageHelp": {
    "message": "Define o idioma para o Dalamud e para plugins que têm suporte. Idiomas disponíveis: ",
    "description": "DalamudCommands.SetupCommands"
  },
  "DalamudSettingsHelp": {
    "message": "Altera várias configurações de Addons in-game jogo, como canais de chat e a configuração do bot do Discord.",
    "description": "DalamudCommands.SetupCommands"
  },
  "DalamudCmdHelpAvailable": {
    "message": "Comandos disponíveis:",
    "description": "DalamudCommands.OnHelpCommand"
  },
  "DalamudMuteNoArgs": {
    "message": "Por favor, forneça uma palavra para silenciar.",
    "description": "DalamudCommands.OnBadWordsAddCommand"
  },
  "DalamudMuted": {
    "message": "Silenciou \"{0}\".",
    "description": "DalamudCommands.OnBadWordsAddCommand"
  },
  "DalamudNoneMuted": {
    "message": "Sem palavras ou frases silenciadas.",
    "description": "DalamudCommands.OnBadWordsListCommand"
  },
  "DalamudUnmuted": {
    "message": "Deixou de silenciar \"{0}\".",
    "description": "DalamudCommands.OnBadWordsRemoveCommand"
  },
  "DalamudNoLastLink": {
    "message": "Sem último link...",
    "description": "DalamudCommands.OnLastLinkCommand"
  },
  "DalamudOpeningLink": {
    "message": "Abrindo {0}",
    "description": "DalamudCommands.OnLastLinkCommand"
  },
  "DalamudLanguageSetTo": {
    "message": "Idioma definido para {0}",
    "description": "DalamudCommands.OnSetLanguageCommand"
  },
  "TSMDalamudPlugins": {
    "message": "Instalador de plugins",
    "description": "DalamudInterface..ctor"
  },
  "TSMDalamudSettings": {
    "message": "Configurações do Dalamud",
    "description": "DalamudInterface..ctor"
  },
  "TSMDalamudDevMenu": {
    "message": "Menu de Desenvolvedor",
    "description": "DalamudInterface..ctor"
  },
  "InstallerDevTools": {
    "message": "Ferramentas do Desenvolvedor",
    "description": "Locs.get_Group_DevTools"
  },
  "InstallerInstalledPlugins": {
    "message": "Plugins Instalados",
    "description": "Locs.get_Group_Installed"
  },
  "InstallerAllPlugins": {
    "message": "Todos os Plugins",
    "description": "Locs.get_Group_Available"
  },
  "InstallerChangelog": {
    "message": "Mudanças",
    "description": "Locs.get_Group_Changelog"
  },
  "InstallerCategoryAll": {
    "message": "Todas",
    "description": "Locs.get_Category_All"
  },
  "InstallerInstalledDevPlugins": {
    "message": "Plugins de Dev Instalados",
    "description": "Locs.get_Category_DevInstalled"
  },
  "InstallerCategoryOther": {
    "message": "Outros",
    "description": "Locs.get_Category_Other"
  },
  "InstallerCategoryJobs": {
    "message": "Jobs",
    "description": "Locs.get_Category_Jobs"
  },
  "InstallerCategoryUI": {
    "message": "UI",
    "description": "Locs.get_Category_UI"
  },
  "InstallerCategoryMiniGames": {
    "message": "Mini Jogos",
    "description": "Locs.get_Category_MiniGames"
  },
  "InstallerCategoryInventory": {
    "message": "Inventário",
    "description": "Locs.get_Category_Inventory"
  },
  "InstallerCategorySound": {
    "message": "Som",
    "description": "Locs.get_Category_Sound"
  },
  "InstallerCategorySocial": {
    "message": "Social",
    "description": "Locs.get_Category_Social"
  },
  "InstallerCategoryUtility": {
    "message": "Utilidades",
    "description": "Locs.get_Category_Utility"
  },
  "InstallerCategoryPlugins": {
    "message": "Plugins",
    "description": "Locs.get_Category_Plugins"
  },
  "InstallerCategoryDalamud": {
    "message": "Dalamud",
    "description": "Locs.get_Category_Dalamud"
  },
  "DalamudGamepadModeNotifierText": {
    "message": "Modo Gamepad está LIGADO. Pressione L1+L3 para desativar, pressione R3 para alternar o PluginInstaller.",
    "description": "GamepadModeNotifierWindow.Draw"
  },
  "DalamudSettingsHeader": {
    "message": "Configurações do Dalamud",
    "description": "SettingsWindow..ctor"
  },
  "DalamudSettingsFontResolutionLevel0": {
    "message": "Mínima (textura 1k x 1k)",
    "description": "SettingsWindow..ctor"
  },
  "DalamudSettingsFontResolutionLevel1": {
    "message": "Menor (textura 2k x 2k)",
    "description": "SettingsWindow..ctor"
  },
  "DalamudSettingsFontResolutionLevel2": {
    "message": "Normal (textura 4k x 4k)",
    "description": "SettingsWindow..ctor"
  },
  "DalamudSettingsFontResolutionLevel3": {
    "message": "Melhor (textura 8k x 8k, pode travar seu jogo)",
    "description": "SettingsWindow..ctor"
  },
  "DalamudSettingsFontResolutionLevel4": {
    "message": "Máxima (textura 16k x 16k, pode travar seu jogo)",
    "description": "SettingsWindow..ctor"
  },
  "DalamudSettingsGeneral": {
    "message": "Geral",
    "description": "SettingsWindow.Draw"
  },
  "DalamudSettingsVisual": {
    "message": "Aparência",
    "description": "SettingsWindow.Draw"
  },
  "DalamudSettingsServerInfoBar": {
    "message": "Barra de informações do servidor",
    "description": "SettingsWindow.Draw"
  },
  "DalamudSettingsExperimental": {
    "message": "Experimental",
    "description": "SettingsWindow.Draw"
  },
  "DalamudSettingsLanguage": {
    "message": "Idioma",
    "description": "SettingsWindow.DrawGeneralTab"
  },
  "DalamudSettingsLanguageHint": {
    "message": "Selecione o idioma no qual Dalamud será exibido.",
    "description": "SettingsWindow.DrawGeneralTab"
  },
  "DalamudSettingsChannel": {
    "message": "Canal de Chat Geral",
    "description": "SettingsWindow.DrawGeneralTab"
  },
  "DalamudSettingsChannelHint": {
    "message": "Selecione o canal de chat que será usado para mensagens gerais do Dalamud.",
    "description": "SettingsWindow.DrawGeneralTab"
  },
  "DalamudSettingsFlash": {
    "message": "Piscar a janela do FFXIV quando encontrar uma duty",
    "description": "SettingsWindow.DrawGeneralTab"
  },
  "DalamudSettingsFlashHint": {
    "message": "Piscar a janela FFXIV na barra de tarefas quando uma duty estiver pronta.",
    "description": "SettingsWindow.DrawGeneralTab"
  },
  "DalamudSettingsDutyFinderMessage": {
    "message": "Mensagem no chat quando encontrar uma duty",
    "description": "SettingsWindow.DrawGeneralTab"
  },
  "DalamudSettingsDutyFinderMessageHint": {
    "message": "Enviar mensagem no chat do FFXIV quando uma duty estiver pronta.",
    "description": "SettingsWindow.DrawGeneralTab"
  },
  "DalamudSettingsPrintPluginsWelcomeMsg": {
    "message": "Exibir plugins carregados na mensagem de boas-vindas",
    "description": "SettingsWindow.DrawGeneralTab"
  },
  "DalamudSettingsPrintPluginsWelcomeMsgHint": {
    "message": "Exibir no chat os plugins carregados ao entrar com um personagem.",
    "description": "SettingsWindow.DrawGeneralTab"
  },
  "DalamudSettingsAutoUpdatePlugins": {
    "message": "Atualizar plugins automaticamente",
    "description": "SettingsWindow.DrawGeneralTab"
  },
  "DalamudSettingsAutoUpdatePluginsMsgHint": {
    "message": "Atualizar plugins automaticamente ao entrar com um personagem.",
    "description": "SettingsWindow.DrawGeneralTab"
  },
  "DalamudSettingsSystemMenu": {
    "message": "Botões Dalamud no menu do sistema",
    "description": "SettingsWindow.DrawGeneralTab"
  },
  "DalamudSettingsSystemMenuMsgHint": {
    "message": "Adicionar botões para plugins do Dalamud e configurações ao menu do sistema.",
    "description": "SettingsWindow.DrawGeneralTab"
  },
  "DalamudSettingsDisableRmtFiltering": {
    "message": "Desativar Filtragem de RMT",
    "description": "SettingsWindow.DrawGeneralTab"
  },
  "DalamudSettingsDisableRmtFilteringMsgHint": {
    "message": "Desativa o filtro de anúncios RMT incorporado no dalamud.",
    "description": "SettingsWindow.DrawGeneralTab"
  },
  "DalamudSettingDoMbCollect": {
    "message": "Subir dados do market board anonimamente",
    "description": "SettingsWindow.DrawGeneralTab"
  },
  "DalamudSettingDoMbCollectHint": {
    "message": "Fornece anonimamente dados sobre economia do jogo à Universalis ao navegar no market board. Esses dados não podem ser associados a você de nenhuma maneira e todos se beneficiam!",
    "description": "SettingsWindow.DrawGeneralTab"
  },
  "DalamudSettingsGlobalUiScale": {
    "message": "Escala da Fonte Global",
    "description": "SettingsWindow.DrawLookAndFeelTab"
  },
  "DalamudSettingsUiScalePreset6": {
    "message": "9,6pt",
    "description": "SettingsWindow.DrawLookAndFeelTab"
  },
  "DalamudSettingsUiScalePreset12": {
    "message": "Reset (12pt)",
    "description": "SettingsWindow.DrawLookAndFeelTab"
  },
  "DalamudSettingsUiScalePreset14": {
    "message": "14pt",
    "description": "SettingsWindow.DrawLookAndFeelTab"
  },
  "DalamudSettingsUiScalePreset18": {
    "message": "18pt",
    "description": "SettingsWindow.DrawLookAndFeelTab"
  },
  "DalamudSettingsUiScalePreset36": {
    "message": "36pt",
    "description": "SettingsWindow.DrawLookAndFeelTab"
  },
  "DalamudSettingsGlobalUiScaleHint": {
    "message": "Escala textos em todos os elementos de interface do XIVLauncher - isso é útil para telas em 4K.",
    "description": "SettingsWindow.DrawLookAndFeelTab"
  },
  "DalamudSettingsOpenStyleEditor": {
    "message": "Abrir Editor de Estilo",
    "description": "SettingsWindow.DrawLookAndFeelTab"
  },
  "DalamudSettingsStyleEditorHint": {
    "message": "Modificar o visual das janelas Dalamud.",
    "description": "SettingsWindow.DrawLookAndFeelTab"
  },
  "DalamudSettingToggleAxisFonts": {
    "message": "Usar fontes AXIS como fonte padrão Dalamud",
    "description": "SettingsWindow.DrawLookAndFeelTab"
  },
  "DalamudSettingToggleUiAxisFontsHint": {
    "message": "Usar fontes AXIS (as principais fontes da UI do jogo) como fonte padrão do Dalamud.",
    "description": "SettingsWindow.DrawLookAndFeelTab"
  },
  "DalamudSettingsFontResolutionLevel": {
    "message": "Nível de resolução da fonte",
    "description": "SettingsWindow.DrawLookAndFeelTab"
  },
  "DalamudSettingsFontResolutionLevelHint": {
    "message": "Esta opção permite que as fontes usadas pelo Dalamud tenham melhore aparência. Se seu jogo travar quando alterar esta opção, seu PC não suporta resoluções altas para fontes no Dalamud — você terá que usar uma inferior.\nTamanho atual do atlas de fontes é {0}px * {1}px.",
    "description": "SettingsWindow.DrawLookAndFeelTab"
  },
  "DalamudSettingToggleUiHideOptOutNote": {
    "message": "Plugins podem optar por não utilizarem as configurações abaixo.",
    "description": "SettingsWindow.DrawLookAndFeelTab"
  },
  "DalamudSettingToggleUiHide": {
    "message": "Oculta as interfaces de plugins quando a interface do jogo estiver oculta",
    "description": "SettingsWindow.DrawLookAndFeelTab"
  },
  "DalamudSettingToggleUiHideHint": {
    "message": "Marque esta caixa para ocultar qualquer janela aberta por extensões ao ligar ou desligar o overlay do jogo.",
    "description": "SettingsWindow.DrawLookAndFeelTab"
  },
  "DalamudSettingToggleUiHideDuringCutscenes": {
    "message": "Ocultar a interface dos plugins durante uma cutscene",
    "description": "SettingsWindow.DrawLookAndFeelTab"
  },
  "DalamudSettingToggleUiHideDuringCutscenesHint": {
    "message": "Ocultar janelas abertas por plugins durante uma cutscene.",
    "description": "SettingsWindow.DrawLookAndFeelTab"
  },
  "DalamudSettingToggleUiHideDuringGpose": {
    "message": "Ocultar a interface dos plugins enquanto o gpose estiver ativo",
    "description": "SettingsWindow.DrawLookAndFeelTab"
  },
  "DalamudSettingToggleUiHideDuringGposeHint": {
    "message": "Ocultar janelas abertas por plugins enquanto o gpose estiver ativo.",
    "description": "SettingsWindow.DrawLookAndFeelTab"
  },
  "DalamudSettingToggleFocusManagement": {
    "message": "Usar escape para fechar janelas Dalamud",
    "description": "SettingsWindow.DrawLookAndFeelTab"
  },
  "DalamudSettingToggleFocusManagementHint": {
    "message": "Isto fará com que as janelas Dalamud se comportem como janelas dentro do jogo ao pressionar a Esc.\nEles vão fechar uma após a outra até que todas estejam fechadas. Pode não funcionar para todos os plugins.",
    "description": "SettingsWindow.DrawLookAndFeelTab"
  },
  "DalamudSettingToggleViewports": {
    "message": "Habilitar janelas para múltiplos monitores",
    "description": "SettingsWindow.DrawLookAndFeelTab"
  },
  "DalamudSettingToggleViewportsHint": {
    "message": "Isso irá permitir que você mova janelas de plugins entre monitores.\nEsta função só esta disponível caso seu FFXIV esteja em modo Borderless Window ou Windowed.",
    "description": "SettingsWindow.DrawLookAndFeelTab"
  },
  "DalamudSettingToggleDocking": {
    "message": "Habilitar acoplamento de janelas",
    "description": "SettingsWindow.DrawLookAndFeelTab"
  },
  "DalamudSettingToggleDockingHint": {
    "message": "Isso permitirá agrupar as janelas de plugins em abas.",
    "description": "SettingsWindow.DrawLookAndFeelTab"
  },
  "DalamudSettingToggleGamepadNavigation": {
    "message": "Plugins de controle por gamepad",
    "description": "SettingsWindow.DrawLookAndFeelTab"
  },
  "DalamudSettingToggleGamepadNavigationHint": {
    "message": "Isto permitirá alternar entre a navegação de jogos e plugins via L1+L3.\nAtive a janela do PluginInstaller via R3 se a navegação do ImGui estiver ativada.",
    "description": "SettingsWindow.DrawLookAndFeelTab"
  },
  "DalamudSettingToggleTsm": {
    "message": "Mostrar menu na tela de título",
    "description": "SettingsWindow.DrawLookAndFeelTab"
  },
  "DalamudSettingToggleTsmHint": {
    "message": "Isso permitirá que você acesse certas funcionalidades do Dalamud e Plugins na tela de título.",
    "description": "SettingsWindow.DrawLookAndFeelTab"
  },
  "DalamudSettingsFontGamma": {
    "message": "Gamma das Fontes",
    "description": "SettingsWindow.DrawLookAndFeelTab"
  },
  "DalamudSettingsIndividualConfigResetToDefaultValue": {
    "message": "Redefinir",
    "description": "SettingsWindow.DrawLookAndFeelTab"
  },
  "DalamudSettingsFontGammaHint": {
    "message": "Altera a espessura do texto.",
    "description": "SettingsWindow.DrawLookAndFeelTab"
  },
  "DalamudSettingServerInfoBar": {
    "message": "Configuração da Barra de Informações do Servidor",
    "description": "SettingsWindow.DrawServerInfoBarTab"
  },
  "DalamudSettingServerInfoBarHint": {
    "message": "Plugins podem colocar informações adicionais na barra de informações de servidor (onde o mundo e o tempo podem ser vistos).\nVocê pode reordenar e desabilitá-los aqui.",
    "description": "SettingsWindow.DrawServerInfoBarTab"
  },
  "DalamudSettingServerInfoBarDidNone": {
    "message": "Você não tem plugins que usem esta funcionalidade.",
    "description": "SettingsWindow.DrawServerInfoBarTab"
  },
  "DalamudSettingServerInfoBarSpacing": {
    "message": "Espaçamento da Barra de Informações do Servidor",
    "description": "SettingsWindow.DrawServerInfoBarTab"
  },
  "DalamudSettingServerInfoBarSpacingHint": {
    "message": "Configure a quantidade de espaço entre as entradas na barra de informações do servidor aqui.",
    "description": "SettingsWindow.DrawServerInfoBarTab"
  },
  "DalamudSettingServerInfoBarDirection": {
    "message": "Direção da Barra de Informações do Servidor",
    "description": "SettingsWindow.DrawServerInfoBarTab"
  },
  "DalamudSettingServerInfoBarDirectionHint": {
    "message": "Se marcado, os elementos da barra de informação do servidor se expandirão para a direita ao invés da esquerda.",
    "description": "SettingsWindow.DrawServerInfoBarTab"
  },
  "DalamudSettingsPluginTest": {
    "message": "Receber versões teste de plugins",
    "description": "SettingsWindow.DrawExperimentalTab"
  },
  "DalamudSettingsPluginTestHint": {
    "message": "Marque esta caixa para receber versões teste de pré-lançamento de plugins.",
    "description": "SettingsWindow.DrawExperimentalTab"
  },
  "DalamudSettingsPluginTestWarning": {
    "message": "Plugins em fase de teste podem não ter sido revisados antes de serem publicados. Utilize apenas se estiver ciente dos riscos.",
    "description": "SettingsWindow.DrawExperimentalTab"
  },
  "DalamudSettingsClearHidden": {
    "message": "Limpar plugins ocultos",
    "description": "SettingsWindow.DrawExperimentalTab"
  },
  "DalamudSettingsClearHiddenHint": {
    "message": "Resturar plugins que você ocultou do instalador de plugins.",
    "description": "SettingsWindow.DrawExperimentalTab"
  },
  "DalamudSettingsCustomRepo": {
    "message": "Repositórios Personalizados",
    "description": "SettingsWindow.DrawCustomReposSection"
  },
  "DalamudSettingsChanged": {
    "message": "(Modificado)",
    "description": "SettingsWindow.DrawCustomReposSection"
  },
  "DalamudSettingCustomRepoHint": {
    "message": "Adicionar repositório de plugin personalizado.",
    "description": "SettingsWindow.DrawCustomReposSection"
  },
  "DalamudSettingCustomRepoWarning": {
    "message": "Não podemos assumir qualquer responsabilidade por plugins e repositórios feitos por terceiros. Por favor, tome cuidado ao instalar plugins de fontes não confiáveis.",
    "description": "SettingsWindow.DrawCustomReposSection"
  },
  "DalamudThirdRepoExists": {
    "message": "O repositório já existe.",
    "description": "SettingsWindow.DrawCustomReposSection"
  },
  "DalamudSettingsDevPluginLocation": {
    "message": "Locais de Plugins de Dev",
    "description": "SettingsWindow.DrawDevPluginLocationsSection"
  },
  "DalamudSettingsDevPluginLocationsHint": {
    "message": "Adicionar mais locais de plugin de dev.\nEstes podem ser tanto a pasta quanto o caminho de DLL.",
    "description": "SettingsWindow.DrawDevPluginLocationsSection"
  },
  "DalamudDevPluginLocationExists": {
    "message": "Local já existe.",
    "description": "SettingsWindow.DrawDevPluginLocationsSection"
  },
  "Save": {
    "message": "Salvar",
    "description": "SettingsWindow.DrawSaveCloseButtons"
  },
  "Close": {
    "message": "Fechar",
    "description": "SettingsWindow.DrawSaveCloseButtons"
  },
  "SaveAndClose": {
    "message": "Salvar e Fechar",
    "description": "SettingsWindow.DrawSaveCloseButtons"
  },
  "RenameStyleModalTitle": {
    "message": "Renomear estilo",
    "description": "StyleEditorWindow.Draw"
  },
  "StyleEditorChooseStyle": {
    "message": "Escolha o estilo:",
    "description": "StyleEditorWindow.Draw"
  },
  "StyleEditorAddNew": {
    "message": "Adicionar um novo estilo",
    "description": "StyleEditorWindow.Draw"
  },
  "StyleEditorDeleteStyle": {
    "message": "Excluir estilo atual",
    "description": "StyleEditorWindow.Draw"
  },
  "StyleEditorRenameStyle": {
    "message": "Renomear estilo",
    "description": "StyleEditorWindow.Draw"
  },
  "StyleEditorCopy": {
    "message": "Copiar estilo para área de transferência para compartilhar",
    "description": "StyleEditorWindow.Draw"
  },
  "StyleEditorImport": {
    "message": "Importar estilo da área de transferência",
    "description": "StyleEditorWindow.Draw"
  },
  "StyleEditorNotAllowed": {
    "message": "Você não pode editar estilos embutidos. Por favor, adicione um novo estilo primeiro.",
    "description": "StyleEditorWindow.Draw"
  },
  "StyleEditorApplying": {
    "message": "Aplicando estilo...",
    "description": "StyleEditorWindow.Draw"
  },
  "StyleEditorVariables": {
    "message": "Variáveis",
    "description": "StyleEditorWindow.Draw"
  },
  "StyleEditorColors": {
    "message": "Cores",
    "description": "StyleEditorWindow.Draw"
  },
  "StyleEditorEnterName": {
    "message": "Por favor, digite o novo nome para este estilo.",
    "description": "StyleEditorWindow.Draw"
  },
  "InstallerHeader": {
    "message": "Instalador de plugins",
    "description": "Locs.get_WindowTitle"
  },
  "InstallerHeaderTesting": {
    "message": "(TESTE)",
    "description": "Locs.get_WindowTitleMod_Testing"
  },
  "InstallerHint": {
    "message": "Esta janela permite que você instale e remova plugins dentro do jogo.\nEles são feitos por desenvolvedores de terceiros.",
    "description": "Locs.get_Header_Hint"
  },
  "InstallerSearch": {
    "message": "Buscar",
    "description": "Locs.get_Header_SearchPlaceholder"
  },
  "InstallerAlphabetical": {
    "message": "Alfabética",
    "description": "Locs.get_SortBy_Alphabetical"
  },
  "InstallerDownloadCount": {
    "message": "Qtd. Download",
    "description": "Locs.get_SortBy_DownloadCounts"
  },
  "InstallerLastUpdate": {
    "message": "Última Atualização",
    "description": "Locs.get_SortBy_LastUpdate"
  },
  "InstallerNewOrNot": {
    "message": "Novo ou não",
    "description": "Locs.get_SortBy_NewOrNot"
  },
  "InstallerNotInstalled": {
    "message": "Não Instalado",
    "description": "Locs.get_SortBy_NotInstalled"
  },
  "InstallerSortBy": {
    "message": "Ordenar Por",
    "description": "Locs.get_SortBy_Label"
  },
  "InstallerLoading": {
    "message": "Carregando plugins...",
    "description": "Locs.get_TabBody_LoadingPlugins"
  },
  "InstallerDownloadFailed": {
    "message": "Falha no download.",
    "description": "Locs.get_TabBody_DownloadFailed"
  },
  "InstallerSafeMode": {
    "message": "Dalamud está sendo executado no Modo Seguro do Plugin, reinicie para ativar plugins.",
    "description": "Locs.get_TabBody_SafeMode"
  },
  "InstallerNoMatching": {
    "message": "Nenhum plugin encontrado correspondente à sua pesquisa.",
    "description": "Locs.get_TabBody_SearchNoMatching"
  },
  "InstallerNoCompatible": {
    "message": "Nenhum plugin compatível foi encontrado :( Por favor reinicie seu jogo e tente novamente.",
    "description": "Locs.get_TabBody_SearchNoCompatible"
  },
  "InstallerNoInstalled": {
    "message": "Nenhum plugin está instalado atualmente. Você pode instalá-los na guia \"Todos os Plugins\".",
    "description": "Locs.get_TabBody_SearchNoInstalled"
  },
  "InstallerNoChangelog": {
    "message": "Nenhum dos seus plugins instalados tem um changelog.",
    "description": "Locs.get_TabBody_ChangelogNone"
  },
  "InstallerInstalled": {
    "message": " (instalado)",
    "description": "Locs.get_PluginTitleMod_Installed"
  },
  "InstallerDisabled": {
    "message": " (desativado)",
    "description": "Locs.get_PluginTitleMod_Disabled"
  },
  "InstallerUnloaded": {
    "message": "  (descarregado)",
    "description": "Locs.get_PluginTitleMod_Unloaded"
  },
  "InstallerHasUpdate": {
    "message": " (tem atualização)",
    "description": "Locs.get_PluginTitleMod_HasUpdate"
  },
  "InstallerUpdated": {
    "message": " (atualizado)",
    "description": "Locs.get_PluginTitleMod_Updated"
  },
  "InstallerTestingVersion": {
    "message": " (versão de teste)",
    "description": "Locs.get_PluginTitleMod_TestingVersion"
  },
  "InstallerUpdateFailed": {
    "message": " (falha ao atualizar)",
    "description": "Locs.get_PluginTitleMod_UpdateFailed"
  },
  "InstallerLoadError": {
    "message": " (erro de carregamento)",
    "description": "Locs.get_PluginTitleMod_LoadError"
  },
  "InstallerUnloadError": {
    "message": " (erro ao descarregar)",
    "description": "Locs.get_PluginTitleMod_UnloadError"
  },
  "InstallerOutdatedError": {
    "message": " (desatualizado)",
    "description": "Locs.get_PluginTitleMod_OutdatedError"
  },
  "InstallerBannedError": {
    "message": " (automaticamente desabilitado)",
    "description": "Locs.get_PluginTitleMod_BannedError"
  },
  "InstallerNewPlugin ": {
    "message": " Novo!",
    "description": "Locs.get_PluginTitleMod_New"
  },
  "InstallerMarkAllSeen": {
    "message": "Marcar tudo como lido",
    "description": "Locs.get_PluginContext_MarkAllSeen"
  },
  "InstallerHidePlugin": {
    "message": "Ocultar do instalador",
    "description": "Locs.get_PluginContext_HidePlugin"
  },
  "InstallerDeletePluginConfig": {
    "message": "Redefinir plugin",
    "description": "Locs.get_PluginContext_DeletePluginConfig"
  },
  "InstallerDeletePluginConfigReload": {
    "message": "Redefinir configurações do plugin e recarregar",
    "description": "Locs.get_PluginContext_DeletePluginConfigReload"
  },
  "InstallerAuthorWithoutDownloadCount": {
    "message": " criado por: {0}",
    "description": "Locs.PluginBody_AuthorWithoutDownloadCount"
  },
  "InstallerAuthorWithDownloadCount": {
    "message": " criado por {0}, {1} downloads",
    "description": "Locs.PluginBody_AuthorWithDownloadCount"
  },
  "InstallerAuthorWithDownloadCountUnavailable": {
    "message": " criado por {0}, contagem de downloads indisponível",
    "description": "Locs.PluginBody_AuthorWithDownloadCountUnavailable"
  },
  "InstallerHeaderAuthor": {
    "message": " criado por: {0}",
    "description": "Locs.PluginBody_Author"
  },
  "InstallerHeaderDownloadCount": {
    "message": ", {0} downloads",
    "description": "Locs.PluginBody_DownloadCount"
  },
  "InstallerDevPluginPath": {
    "message": "De {0}",
    "description": "Locs.PluginBody_DevPluginPath"
  },
  "InstallerPlugin3rdPartyRepo": {
    "message": "Do repositório personalizado de plugin {0}",
    "description": "Locs.PluginBody_Plugin3rdPartyRepo"
  },
  "InstallerDevPlugin": {
    "message": " Este plugin está disponível em um dos seus repositórios, por favor remova-o da pasta devPlugins.",
    "description": "Locs.get_PluginBody_AvailableDevPlugin"
  },
  "InstallerDeleteDevPlugin ": {
    "message": " Para excluir este plugin, favor removê-lo da pasta devPlugins.",
    "description": "Locs.get_PluginBody_DeleteDevPlugin"
  },
  "InstallerOutdatedPluginBody ": {
    "message": "Este plugin está desatualizado e incompatível no momento. Por favor, aguarde a atualização do autor.",
    "description": "Locs.get_PluginBody_Outdated"
  },
  "InstallerBannedPluginBody ": {
    "message": "Este plugin foi desativado temporariamente devido a incompatibilidades e não está disponível no momento. Por favor, aguarde até que seja atualizado pelo seu autor.",
    "description": "Locs.get_PluginBody_Banned"
  },
  "InstallerBannedPluginBodyReason ": {
    "message": "Este plugin foi desativado automaticamente: {0}",
    "description": "Locs.PluginBody_BannedReason"
  },
  "InstallerInstall": {
    "message": "Instalar v{0}",
    "description": "Locs.PluginButton_InstallVersion"
  },
  "InstallerWorking": {
    "message": "Processando",
    "description": "Locs.get_PluginButton_Working"
  },
  "InstallerDisable": {
    "message": "Desabilitar",
    "description": "Locs.get_PluginButton_Disable"
  },
  "InstallerLoad": {
    "message": "Carregar",
    "description": "Locs.get_PluginButton_Load"
  },
  "InstallerUnload": {
    "message": "Descarregar",
    "description": "Locs.get_PluginButton_Unload"
  },
  "InstallerOpenConfig": {
    "message": "Abrir Configuração",
    "description": "Locs.get_PluginButtonToolTip_OpenConfiguration"
  },
  "InstallerStartOnBoot": {
    "message": "Executar na inicialização",
    "description": "Locs.get_PluginButtonToolTip_StartOnBoot"
  },
  "InstallerAutomaticReloading": {
    "message": "Recarrecamento automático",
    "description": "Locs.get_PluginButtonToolTip_AutomaticReloading"
  },
  "InstallerDeletePlugin ": {
    "message": "Excluir plugin",
    "description": "Locs.get_PluginButtonToolTip_DeletePlugin"
  },
  "InstallerVisitPluginUrl": {
    "message": "Visital URL do plugin",
    "description": "Locs.get_PluginButtonToolTip_VisitPluginUrl"
  },
  "InstallerUpdateSingle": {
    "message": "Atualizar para {0}",
    "description": "Locs.PluginButtonToolTip_UpdateSingle"
  },
  "InstallerUnloadFailedTooltip": {
    "message": "Falha ao descarregar plugin, por favor reinicie o jogo e tente novamente.",
    "description": "Locs.get_PluginButtonToolTip_UnloadFailed"
  },
  "NotificationsPluginInstalledTitle": {
    "message": "Plugin instalado!",
    "description": "Locs.get_Notifications_PluginInstalledTitle"
  },
  "NotificationsPluginInstalled": {
    "message": "'{0}' foi instalado com sucesso.",
    "description": "Locs.Notifications_PluginInstalled"
  },
  "NotificationsPluginNotInstalledTitle": {
    "message": "Plugin não instalado!",
    "description": "Locs.get_Notifications_PluginNotInstalledTitle"
  },
  "NotificationsPluginNotInstalled": {
    "message": "Falha ao instalar '{0}'.",
    "description": "Locs.Notifications_PluginNotInstalled"
  },
  "NotificationsNoUpdatesFoundTitle": {
    "message": "Nenhuma atualização encontrada!",
    "description": "Locs.get_Notifications_NoUpdatesFoundTitle"
  },
  "NotificationsNoUpdatesFound": {
    "message": "Nenhuma atualização foi encontrada.",
    "description": "Locs.get_Notifications_NoUpdatesFound"
  },
  "NotificationsUpdatesInstalledTitle": {
    "message": "Atualizações instaladas!",
    "description": "Locs.get_Notifications_UpdatesInstalledTitle"
  },
  "NotificationsUpdatesInstalled": {
    "message": "Atualizações para {0} de seus plugins foram instaladas.",
    "description": "Locs.Notifications_UpdatesInstalled"
  },
  "NotificationsPluginDisabledTitle": {
    "message": "Plugin desativado!",
    "description": "Locs.get_Notifications_PluginDisabledTitle"
  },
  "NotificationsPluginDisabled": {
    "message": "{0} foi desativado.",
    "description": "Locs.Notifications_PluginDisabled"
  },
  "InstallerUpdatePlugins": {
    "message": "Atualizar plugins",
    "description": "Locs.get_FooterButton_UpdatePlugins"
  },
  "InstallerInProgress": {
    "message": "Instalação em andamento...",
    "description": "Locs.get_FooterButton_InProgress"
  },
  "InstallerNoUpdates": {
    "message": "Nenhuma atualização encontrada!",
    "description": "Locs.get_FooterButton_NoUpdates"
  },
  "InstallerUpdateComplete": {
    "message": "{0} plugins atualizadas!",
    "description": "Locs.FooterButton_UpdateComplete"
  },
  "InstallerSettings": {
    "message": "Configurações",
    "description": "Locs.get_FooterButton_Settings"
  },
  "InstallerScanDevPlugins": {
    "message": "Escanear por Plugins de Dev",
    "description": "Locs.get_FooterButton_ScanDevPlugins"
  },
  "InstallerClose": {
    "message": "Fechar",
    "description": "Locs.get_FooterButton_Close"
  },
  "InstallerError": {
    "message": "Erro de instalação",
    "description": "Locs.get_ErrorModal_Title"
  },
  "InstallerContactAuthor": {
    "message": "Por favor reinicie seu jogo e tente novamente. Se este esse ocorrer novamente, favor entrar em contato com o autor do plugin.",
    "description": "Locs.get_ErrorModal_InstallContactAuthor"
  },
  "InstallerInstallFail": {
    "message": "Falha ao instalar o plugin {0}.\n{1}",
    "description": "Locs.ErrorModal_InstallFail"
  },
  "InstallerSingleUpdateFail": {
    "message": "Falha ao atualizar o plugin {0}.\n{1}",
    "description": "Locs.ErrorModal_SingleUpdateFail"
  },
  "InstallerDeleteConfigFail": {
    "message": "Falha ao redefinir o plugin {0}.\n\nO plugin pode não suportar essa ação. Você pode tentar excluir a configuração manualmente enquanto o jogo está fechado - por favor cheque as Perguntas Frequentes.",
    "description": "Locs.ErrorModal_DeleteConfigFail"
  },
  "InstallerEnableFail": {
    "message": "Falha ao habilitar o plugin {0}.\n{1}",
    "description": "Locs.ErrorModal_EnableFail"
  },
  "InstallerDisableFail": {
    "message": "Falha ao desabilitar o plugin {0}.\n{1}",
    "description": "Locs.ErrorModal_DisableFail"
  },
  "InstallerUnloadFail": {
    "message": "Falha ao descarregar o plugin {0}.\n{1}",
    "description": "Locs.ErrorModal_UnloadFail"
  },
  "InstallerLoadFail": {
    "message": "Falha ao carregar o plugin {0}.\n{1}",
    "description": "Locs.ErrorModal_LoadFail"
  },
  "InstallerDeleteFail": {
    "message": "Falha ao excluir o plugin {0}.\n{1}",
    "description": "Locs.ErrorModal_DeleteFail"
  },
  "InstallerUpdaterFatal": {
    "message": "Falha ao atualizar plugins.\nPor favor reinicie seu jogo e tente novamente. Se esse erro ocorrer novamente, favor reclame.",
    "description": "Locs.get_ErrorModal_UpdaterFatal"
  },
  "InstallerUpdaterFail": {
    "message": "Falha ao atualizar {0} plugins.\nPor favor reinicie seu jogo e tente novamente. Se esse erro ocorrer novamente, favor reclame.",
    "description": "Locs.ErrorModal_UpdaterFail"
  },
  "InstallerUpdaterFailPartial": {
    "message": "{0} plugins atualizados, {1} falharam ao atualizar.\nPor favor reinicie seu jogo e tente novamente. Se esse erro ocorrer novamente, favor reclame.",
    "description": "Locs.ErrorModal_UpdaterFailPartial"
  },
  "InstallerErrorPluginInfo": {
    "message": "\n\nOs seguintes plugins causaram estes problemas:\n\n{0}\nVocê pode tentar remover esses plugins manualmente e reinstalá-los.",
    "description": "Locs.ErrorModal_HintBlame"
  },
  "InstallerFeedback": {
    "message": "Enviar comentários",
    "description": "Locs.get_FeedbackModal_Title"
  },
  "InstallerFeedbackInfo": {
    "message": "Você pode enviar feedback para o desenvolvedor de \"{0}\" aqui.\nVocê pode incluir sua tag do Discord ou seu endereço de e-mail se você quiser dar-lhes a oportunidade de responder.\n\nSe você quer relatar um erro com o problema, recomendamos que você entre no servidor do Discord do XIVLauncher.",
    "description": "Locs.FeedbackModal_Text"
  },
  "InstallerFeedbackHasUpdate": {
    "message": "Uma nova versão deste plugin está disponível, por favor atualize antes de relatar bugs.",
    "description": "Locs.get_FeedbackModal_HasUpdate"
  },
  "InstallerFeedbackContactInfo": {
    "message": "Informações para contato",
    "description": "Locs.get_FeedbackModal_ContactInformation"
  },
  "InstallerFeedbackIncludeLastError": {
    "message": "Incluir última mensagem de erro",
    "description": "Locs.get_FeedbackModal_IncludeLastError"
  },
  "InstallerFeedbackIncludeLastErrorHint": {
    "message": "Esta opção pode dar ao desenvolvedor do plugin um feedback útil sobre o que exatamente deu errado.",
    "description": "Locs.get_FeedbackModal_IncludeLastErrorHint"
  },
  "InstallerFeedbackHint": {
    "message": "Todos os desenvolvedores de plugins poderão ver seu feedback.\nPor favor, nunca inclua nenhuma informação pessoal ou reveladora.\nSe você escolher incluir a última mensagem de erro, informações como seu nome de usuário do Windows podem ser incluídas.\n\nOs comentários coletados não são armazenados em na nossa ponta e são retransmitidos imediatamente para o Discord.",
    "description": "Locs.get_FeedbackModal_Hint"
  },
  "InstallerFeedbackNotificationSuccess": {
    "message": "Seu feedback foi enviado com sucesso!",
    "description": "Locs.get_FeedbackModal_NotificationSuccess"
  },
  "InstallerFeedbackNotificationError": {
    "message": "Seu feedback não pôde ser enviado.",
    "description": "Locs.get_FeedbackModal_NotificationError"
  },
  "DalamudPluginUpdates": {
    "message": "Atualizações:",
    "description": "Locs.get_PluginUpdateHeader_Chatbox"
  },
  "OK": {
    "message": "Ok",
    "description": "Locs.get_ErrorModalButton_Ok"
  },
  "DalamudWelcome": {
    "message": "Dalamud vD{0} carregado.",
    "description": "ChatHandlers.PrintWelcomeMessage"
  },
  "PluginsWelcome": {
    "message": " {0} plugin(s) carregados.",
    "description": "ChatHandlers.PrintWelcomeMessage"
  },
  "DalamudPluginLoaded": {
    "message": "    》 {0} v{1} carregado.",
    "description": "ChatHandlers.PrintWelcomeMessage"
  },
  "DalamudUpdated": {
    "message": "Dalamud foi atualizado com sucesso! Por favor, confira o discord para uma lista completa das alterações.",
    "description": "ChatHandlers.PrintWelcomeMessage"
  },
  "DalamudPluginUpdateCheckFail": {
    "message": "Não foi possível verificar se há atualizações para os plugins.",
    "description": "<>c__DisplayClass16_0.<AutoUpdatePlugins>b__1"
  },
  "DalamudPluginAutoUpdate": {
    "message": "Atualização automatica:",
    "description": "<>c__DisplayClass16_0.<AutoUpdatePlugins>b__1"
  },
  "NotificationUpdatedPlugins": {
    "message": "{0} de seus plugins foram atualizados.",
    "description": "<>c__DisplayClass16_0.<AutoUpdatePlugins>b__1"
  },
  "NotificationAutoUpdate": {
    "message": "Atualização Automática",
    "description": "<>c__DisplayClass16_0.<AutoUpdatePlugins>b__1"
  },
  "DalamudPluginUpdateRequired": {
    "message": "Uma ou mais de seus plugins precisam ser atualizados. Por favor, use o comando /xlplugins no jogo para atualizá-las!",
    "description": "<>c__DisplayClass16_0.<AutoUpdatePlugins>b__1"
  },
  "SystemMenuPlugins": {
    "message": "Plugins Dalamud",
    "description": "DalamudAtkTweaks..ctor"
  },
  "SystemMenuSettings": {
    "message": "Configurações do Dalamud",
    "description": "DalamudAtkTweaks..ctor"
  }
}