{
  "DalamudPluginUpdateSuccessful": {
    "message": "    {0} は v{1} に更新されました。",
    "description": "Locs.DalamudPluginUpdateSuccessful"
  },
  "DalamudPluginUpdateFailed": {
    "message": "    {0} は v{1} への更新に失敗しました。",
    "description": "Locs.DalamudPluginUpdateFailed"
  },
  "DalamudUnloadHelp": {
    "message": "XIVLauncher In-Game アドオンをアンロードします。",
    "description": "DalamudCommands.SetupCommands"
  },
  "DalamudPluginReloadHelp": {
    "message": "全てのプラグインをリロードします。",
    "description": "DalamudCommands.SetupCommands"
  },
  "DalamudCmdInfoHelp": {
    "message": "利用可能なコマンド一覧を表示します。",
    "description": "DalamudCommands.SetupCommands"
  },
  "DalamudMuteHelp": {
    "message": "チャットに表示される単語や文章をミュートします。 利用法: /xlmute <単語 または、文章>",
    "description": "DalamudCommands.SetupCommands"
  },
  "DalamudMuteListHelp": {
    "message": "ミュートされた単語または文章の一覧を表示します。",
    "description": "DalamudCommands.SetupCommands"
  },
  "DalamudUnmuteHelp": {
    "message": "単語または文章のミュートを解除します。利用法: /xlunmute <単語 または、文章>",
    "description": "DalamudCommands.SetupCommands"
  },
  "DalamudLastLinkHelp": {
    "message": "デフォルトブラウザで直前に投稿したリンクを開きます。",
    "description": "DalamudCommands.SetupCommands"
  },
  "DalamudBgmSetHelp": {
    "message": "ゲームBGMを設定します。利用法: /xlbgmset <BGM ID>",
    "description": "DalamudCommands.SetupCommands"
  },
  "DalamudDevMenuHelp": {
    "message": "DEBUG 開発メニューを表示します。",
    "description": "DalamudCommands.SetupCommands"
  },
  "DalamudDevDataMenuHelp": {
    "message": "DEBUG 開発データメニューを描画します。使用方法: /xldata [Data Dropdown Type]",
    "description": "DalamudCommands.SetupCommands"
  },
  "DalamudIMEPanelHelp": {
    "message": "IMEパネルを描画",
    "description": "DalamudCommands.SetupCommands"
  },
  "DalamudDevLogHelp": {
    "message": "開発ログを開く DEBUG",
    "description": "DalamudCommands.SetupCommands"
  },
  "DalamudInstallerHelp": {
    "message": "プラグインインストーラを開きます",
    "description": "DalamudCommands.SetupCommands"
  },
  "DalamudCreditsHelp": {
    "message": "Dalamud のクレジットを開きます。",
    "description": "DalamudCommands.SetupCommands"
  },
  "DalamudLanguageHelp": {
    "message": "Dalamudおよびそれをサポートするプラグインの言語を設定します。 ",
    "description": "DalamudCommands.SetupCommands"
  },
  "DalamudSettingsHelp": {
    "message": "チャットチャンネルやDiscordボットなどの In-Game アドオンの各種設定を変更します。",
    "description": "DalamudCommands.SetupCommands"
  },
  "DalamudCmdHelpAvailable": {
    "message": "利用可能なコマンド:",
    "description": "DalamudCommands.OnHelpCommand"
  },
  "DalamudMuteNoArgs": {
    "message": "ミュートする言葉を設定して下さい。",
    "description": "DalamudCommands.OnBadWordsAddCommand"
  },
  "DalamudMuted": {
    "message": "\"{0}\" をミュートしました。",
    "description": "DalamudCommands.OnBadWordsAddCommand"
  },
  "DalamudNoneMuted": {
    "message": "ミュートされている単語または、文章はありません。",
    "description": "DalamudCommands.OnBadWordsListCommand"
  },
  "DalamudUnmuted": {
    "message": "\"{0}\" のミュートを解除しました。",
    "description": "DalamudCommands.OnBadWordsRemoveCommand"
  },
  "DalamudNoLastLink": {
    "message": "直前のリンクがありません……",
    "description": "DalamudCommands.OnLastLinkCommand"
  },
  "DalamudOpeningLink": {
    "message": "{0} を開いています。",
    "description": "DalamudCommands.OnLastLinkCommand"
  },
  "DalamudLanguageSetTo": {
    "message": "言語を {0} にセットしました。",
    "description": "DalamudCommands.OnSetLanguageCommand"
  },
  "TSMDalamudPlugins": {
    "message": "プラグインインストーラ",
    "description": "DalamudInterface..ctor"
  },
  "TSMDalamudSettings": {
    "message": "Dalamud 設定",
    "description": "DalamudInterface..ctor"
  },
  "TSMDalamudDevMenu": {
    "message": "開発者向けメニュー",
    "description": "DalamudInterface..ctor"
  },
  "InstallerDevTools": {
    "message": "開発者ツール",
    "description": "Locs.get_Group_DevTools"
  },
  "InstallerInstalledPlugins": {
    "message": "インストール済みプラグイン",
    "description": "Locs.get_Group_Installed"
  },
  "InstallerAllPlugins": {
    "message": "すべてのプラグイン",
    "description": "Locs.get_Group_Available"
  },
  "InstallerChangelog": {
    "message": "更新履歴",
    "description": "Locs.get_Group_Changelog"
  },
  "InstallerCategoryAll": {
    "message": "すべて",
    "description": "Locs.get_Category_All"
  },
  "InstallerInstalledDevPlugins": {
    "message": "インストール済み開発プラグイン",
    "description": "Locs.get_Category_DevInstalled"
  },
  "InstallerCategoryOther": {
    "message": "その他",
    "description": "Locs.get_Category_Other"
  },
  "InstallerCategoryJobs": {
    "message": "ジョブ",
    "description": "Locs.get_Category_Jobs"
  },
  "InstallerCategoryUI": {
    "message": "UI (ユーザーインターフェース)",
    "description": "Locs.get_Category_UI"
  },
  "InstallerCategoryMiniGames": {
    "message": "ミニゲーム",
    "description": "Locs.get_Category_MiniGames"
  },
  "InstallerCategoryInventory": {
    "message": "インベントリ",
    "description": "Locs.get_Category_Inventory"
  },
  "InstallerCategorySound": {
    "message": "音声",
    "description": "Locs.get_Category_Sound"
  },
  "InstallerCategorySocial": {
    "message": "ソーシャル",
    "description": "Locs.get_Category_Social"
  },
  "InstallerCategoryUtility": {
    "message": "ユーティリティ",
    "description": "Locs.get_Category_Utility"
  },
  "InstallerCategoryPlugins": {
    "message": "プラグイン",
    "description": "Locs.get_Category_Plugins"
  },
  "InstallerCategoryDalamud": {
    "message": "Dalamud",
    "description": "Locs.get_Category_Dalamud"
  },
  "DalamudGamepadModeNotifierText": {
    "message": "ゲームパッドモードはオンです。L1+L3を押して無効にし、R3を押してプラグインインストーラを切り替えます。",
    "description": "GamepadModeNotifierWindow.Draw"
  },
  "DalamudSettingsHeader": {
    "message": "Dalamud設定",
    "description": "SettingsWindow..ctor"
  },
  "DalamudSettingsFontResolutionLevel0": {
    "message": "最低 (1k × 1k テクスチャ)",
    "description": "SettingsWindow..ctor"
  },
  "DalamudSettingsFontResolutionLevel1": {
    "message": "低 (2k × 2k テクスチャ)",
    "description": "SettingsWindow..ctor"
  },
  "DalamudSettingsFontResolutionLevel2": {
    "message": "通常 (4k × 4k テクスチャ)",
    "description": "SettingsWindow..ctor"
  },
  "DalamudSettingsFontResolutionLevel3": {
    "message": "高 (8k × 8k テクスチャ, ゲームがクラッシュするおそれがあります)",
    "description": "SettingsWindow..ctor"
  },
  "DalamudSettingsFontResolutionLevel4": {
    "message": "最高 (16k × 16k テクスチャ, ゲームがクラッシュするおそれがあります)",
    "description": "SettingsWindow..ctor"
  },
  "DalamudSettingsGeneral": {
    "message": "全般",
    "description": "SettingsWindow.Draw"
  },
  "DalamudSettingsVisual": {
    "message": "外観",
    "description": "SettingsWindow.Draw"
  },
  "DalamudSettingsServerInfoBar": {
    "message": "サーバー情報バー",
    "description": "SettingsWindow.Draw"
  },
  "DalamudSettingsExperimental": {
    "message": "試験的機能",
    "description": "SettingsWindow.Draw"
  },
  "DalamudSettingsLanguage": {
    "message": "言語",
    "description": "SettingsWindow.DrawGeneralTab"
  },
  "DalamudSettingsLanguageHint": {
    "message": "Dalamudの表示言語を選びます。",
    "description": "SettingsWindow.DrawGeneralTab"
  },
  "DalamudSettingsChannel": {
    "message": "デフォルトのチャットチャンネル",
    "description": "SettingsWindow.DrawGeneralTab"
  },
  "DalamudSettingsChannelHint": {
    "message": "Dalamud からのメッセージ全般を表示するチャットチャンネルを指定します。",
    "description": "SettingsWindow.DrawGeneralTab"
  },
  "DalamudSettingsFlash": {
    "message": "コンテンツファインダーのマッチング時にウィンドウを点滅させる",
    "description": "SettingsWindow.DrawGeneralTab"
  },
  "DalamudSettingsFlashHint": {
    "message": "有効にすると、コンテンツ参加申請がマッチングした際にタスクバー上で FF14 ウィンドウを点滅させます。",
    "description": "SettingsWindow.DrawGeneralTab"
  },
  "DalamudSettingsDutyFinderMessage": {
    "message": "コンテンツファインダーのマッチング時にチャットメッセージを表示する",
    "description": "SettingsWindow.DrawGeneralTab"
  },
  "DalamudSettingsDutyFinderMessageHint": {
    "message": "有効にすると、コンテンツ参加申請がマッチングした際にゲーム内のチャットにメッセージを表示します。",
    "description": "SettingsWindow.DrawGeneralTab"
  },
  "DalamudSettingsPrintPluginsWelcomeMsg": {
    "message": "ロードされたプラグインをウェルカムメッセージに表示する",
    "description": "SettingsWindow.DrawGeneralTab"
  },
  "DalamudSettingsPrintPluginsWelcomeMsgHint": {
    "message": "ログイン時に読み込んだプラグインをFFXIVのチャットに表示します。",
    "description": "SettingsWindow.DrawGeneralTab"
  },
  "DalamudSettingsAutoUpdatePlugins": {
    "message": "プラグインを自動でアップデートする",
    "description": "SettingsWindow.DrawGeneralTab"
  },
  "DalamudSettingsAutoUpdatePluginsMsgHint": {
    "message": "キャラクターがログインする際にプラグインを自動的に更新します。",
    "description": "SettingsWindow.DrawGeneralTab"
  },
  "DalamudSettingsSystemMenu": {
    "message": "システムメニューに Dalamud ボタンを表示する",
    "description": "SettingsWindow.DrawGeneralTab"
  },
  "DalamudSettingsSystemMenuMsgHint": {
    "message": "システムメニューにDalamudプラグインのボタンと設定を追加します。",
    "description": "SettingsWindow.DrawGeneralTab"
  },
  "DalamudSettingsDisableRmtFiltering": {
    "message": "RMT フィルタを無効にする",
    "description": "SettingsWindow.DrawGeneralTab"
  },
  "DalamudSettingsDisableRmtFilteringMsgHint": {
    "message": "Dalamud の内蔵 RMT 広告フィルタを無効にします。",
    "description": "SettingsWindow.DrawGeneralTab"
  },
  "DalamudSettingDoMbCollect": {
    "message": "マーケットボードの価格情報を匿名で共有する",
    "description": "SettingsWindow.DrawGeneralTab"
  },
  "DalamudSettingDoMbCollectHint": {
    "message": "マーケットボードを閲覧する際に、ゲーム内の相場に関するデータを Universalis に匿名で提供します。 これらのデータは決してあなたと紐付けられることはなく、誰もが利益を得ることができます！",
    "description": "SettingsWindow.DrawGeneralTab"
  },
  "DalamudSettingsGlobalUiScale": {
    "message": "グローバルのフォントサイズ",
    "description": "SettingsWindow.DrawLookAndFeelTab"
  },
  "DalamudSettingsUiScalePreset6": {
    "message": "9.6pt",
    "description": "SettingsWindow.DrawLookAndFeelTab"
  },
  "DalamudSettingsUiScalePreset12": {
    "message": "リセット (12pt)",
    "description": "SettingsWindow.DrawLookAndFeelTab"
  },
  "DalamudSettingsUiScalePreset14": {
    "message": "14pt",
    "description": "SettingsWindow.DrawLookAndFeelTab"
  },
  "DalamudSettingsUiScalePreset18": {
    "message": "18pt",
    "description": "SettingsWindow.DrawLookAndFeelTab"
  },
  "DalamudSettingsUiScalePreset36": {
    "message": "36pt",
    "description": "SettingsWindow.DrawLookAndFeelTab"
  },
  "DalamudSettingsGlobalUiScaleHint": {
    "message": "すべての XIVLauncher UI 要素のテキストを拡大縮小する - これは、4K ディスプレイの場合に便利です。",
    "description": "SettingsWindow.DrawLookAndFeelTab"
  },
  "DalamudSettingsOpenStyleEditor": {
    "message": "スタイルエディタを開く",
    "description": "SettingsWindow.DrawLookAndFeelTab"
  },
  "DalamudSettingsStyleEditorHint": {
    "message": "Dalamud ウィンドウの外観を変更します。",
    "description": "SettingsWindow.DrawLookAndFeelTab"
  },
  "DalamudSettingToggleAxisFonts": {
    "message": "Dalamud のデフォルト フォントとして ASIX フォントを使用する",
    "description": "SettingsWindow.DrawLookAndFeelTab"
  },
  "DalamudSettingToggleUiAxisFontsHint": {
    "message": "ASIX フォント (ゲーム内の主な UI フォント) を Dalamud のデフォルトのフォントとして使用します。",
    "description": "SettingsWindow.DrawLookAndFeelTab"
  },
  "DalamudSettingsFontResolutionLevel": {
    "message": "フォントの解像度",
    "description": "SettingsWindow.DrawLookAndFeelTab"
  },
  "DalamudSettingsFontResolutionLevelHint": {
    "message": "このオプションを使用すると、Dalamudフォントがよりよく見えるようになります。 このオプションを変更したときにゲームがクラッシュした場合 お使いのPCは、Dalamudの高フォント解像度をサポートしていません - あなたは低いものを使用する必要があります。\n現在のフォントアトラスサイズは {0}px * {1}pxです。",
    "description": "SettingsWindow.DrawLookAndFeelTab"
  },
  "DalamudSettingToggleUiHideOptOutNote": {
    "message": "プラグインは以下の設定を個別にオプトアウトできます。",
    "description": "SettingsWindow.DrawLookAndFeelTab"
  },
  "DalamudSettingToggleUiHide": {
    "message": "ゲーム UI が非表示のときはプラグイン UI を隠す",
    "description": "SettingsWindow.DrawLookAndFeelTab"
  },
  "DalamudSettingToggleUiHideHint": {
    "message": "ゲームオーバーレイの切り替え時にプラグインで開いているウィンドウを非表示にします。",
    "description": "SettingsWindow.DrawLookAndFeelTab"
  },
  "DalamudSettingToggleUiHideDuringCutscenes": {
    "message": "カットシーン中はプラグイン UI を隠す",
    "description": "SettingsWindow.DrawLookAndFeelTab"
  },
  "DalamudSettingToggleUiHideDuringCutscenesHint": {
    "message": "カットシーン中はプラグインウィンドウを非表示にします。",
    "description": "SettingsWindow.DrawLookAndFeelTab"
  },
  "DalamudSettingToggleUiHideDuringGpose": {
    "message": "グループポーズ中はプラグイン UI を隠す",
    "description": "SettingsWindow.DrawLookAndFeelTab"
  },
  "DalamudSettingToggleUiHideDuringGposeHint": {
    "message": "グループポーズ中はプラグインウィンドウを非表示にします。",
    "description": "SettingsWindow.DrawLookAndFeelTab"
  },
  "DalamudSettingToggleFocusManagement": {
    "message": "Esc キーで Dalamud ウィンドウを閉じられるようにする",
    "description": "SettingsWindow.DrawLookAndFeelTab"
  },
  "DalamudSettingToggleFocusManagementHint": {
    "message": "これを有効にすると、Esc キーを入力した際に Dalamud のウィンドウもゲーム内ウィンドウのように振る舞います。\nすべてのウィンドウが閉じられるまで順に閉じられます。一部のプラグインのウィンドウでは動作しない可能性があります。",
    "description": "SettingsWindow.DrawLookAndFeelTab"
  },
  "DalamudSettingToggleViewports": {
    "message": "マルチモニタウィンドウを有効にする",
    "description": "SettingsWindow.DrawLookAndFeelTab"
  },
  "DalamudSettingToggleViewportsHint": {
    "message": "プラグインウィンドウを他のモニターに移動できます。\nこの機能はボーダレスウィンドウまたはウィンドウモードでのみ動作します。",
    "description": "SettingsWindow.DrawLookAndFeelTab"
  },
  "DalamudSettingToggleDocking": {
    "message": "ウィンドウのドッキングを有効にする",
    "description": "SettingsWindow.DrawLookAndFeelTab"
  },
  "DalamudSettingToggleDockingHint": {
    "message": "これにより、プラグインウィンドウを結合してタブ化することができます。",
    "description": "SettingsWindow.DrawLookAndFeelTab"
  },
  "DalamudSettingToggleGamepadNavigation": {
    "message": "ゲームパッドからプラグインを操作する",
    "description": "SettingsWindow.DrawLookAndFeelTab"
  },
  "DalamudSettingToggleGamepadNavigationHint": {
    "message": "これにより、L1+L3でゲームとプラグインのナビゲーションを切り替えることができます。\nImGuiナビゲーションが有効な場合は、R3でPluginInstallerウィンドウを切り替えます。",
    "description": "SettingsWindow.DrawLookAndFeelTab"
  },
  "DalamudSettingToggleTsm": {
    "message": "タイトル画面にメニューを表示する",
    "description": "SettingsWindow.DrawLookAndFeelTab"
  },
  "DalamudSettingToggleTsmHint": {
    "message": "これを有効にすると、ゲームのタイトル画面から一部の Dalamud や プラグインの機能にアクセスできます。",
    "description": "SettingsWindow.DrawLookAndFeelTab"
  },
  "DalamudSettingsFontGamma": {
    "message": "フォントのガンマ値",
    "description": "SettingsWindow.DrawLookAndFeelTab"
  },
  "DalamudSettingsIndividualConfigResetToDefaultValue": {
    "message": "リセット",
    "description": "SettingsWindow.DrawLookAndFeelTab"
  },
  "DalamudSettingsFontGammaHint": {
    "message": "テキストの太さを変更します。",
    "description": "SettingsWindow.DrawLookAndFeelTab"
  },
  "DalamudSettingServerInfoBar": {
    "message": "サーバー情報バーの設定",
    "description": "SettingsWindow.DrawServerInfoBarTab"
  },
  "DalamudSettingServerInfoBarHint": {
    "message": "プラグインからの追加の情報をサーバー情報バーに表示できます。\nサーバー情報バーは、ワールド名と時刻が表示される領域です。\nこれらの順序を変更したり、非表示にしたりできます。",
    "description": "SettingsWindow.DrawServerInfoBarTab"
  },
  "DalamudSettingServerInfoBarDidNone": {
    "message": "この機能を使用するプラグインはありません。",
    "description": "SettingsWindow.DrawServerInfoBarTab"
  },
  "DalamudSettingServerInfoBarSpacing": {
    "message": "サーバー情報バーの間隔",
    "description": "SettingsWindow.DrawServerInfoBarTab"
  },
  "DalamudSettingServerInfoBarSpacingHint": {
    "message": "ここでサーバー情報バーのエントリーごとのスペースを調整します。",
    "description": "SettingsWindow.DrawServerInfoBarTab"
  },
  "DalamudSettingServerInfoBarDirection": {
    "message": "サーバー情報バーの方向",
    "description": "SettingsWindow.DrawServerInfoBarTab"
  },
  "DalamudSettingServerInfoBarDirectionHint": {
    "message": "チェックすると、サーバー情報バーの要素は左側ではなく、右側に展開されます。",
    "description": "SettingsWindow.DrawServerInfoBarTab"
  },
  "DalamudSettingsPluginTest": {
    "message": "プラグインのテストバージョンを取得する",
    "description": "SettingsWindow.DrawExperimentalTab"
  },
  "DalamudSettingsPluginTestHint": {
    "message": "プラグインのテストバージョンやプレリリースを入手します。",
    "description": "SettingsWindow.DrawExperimentalTab"
  },
  "DalamudSettingsPluginTestWarning": {
    "message": "試験中のプラグインは公開前に審査されていない可能性があります。リスクを認識している場合にのみ、これを有効にしてください。",
    "description": "SettingsWindow.DrawExperimentalTab"
  },
  "DalamudSettingsClearHidden": {
    "message": "非表示のプラグインをクリア",
    "description": "SettingsWindow.DrawExperimentalTab"
  },
  "DalamudSettingsClearHiddenHint": {
    "message": "以前にプラグインインストーラから非表示にしたプラグインを復元します。",
    "description": "SettingsWindow.DrawExperimentalTab"
  },
  "DalamudSettingsCustomRepo": {
    "message": "カスタムプラグインリポジトリ",
    "description": "SettingsWindow.DrawCustomReposSection"
  },
  "DalamudSettingsChanged": {
    "message": "(変更済み)",
    "description": "SettingsWindow.DrawCustomReposSection"
  },
  "DalamudSettingCustomRepoHint": {
    "message": "カスタム プラグイン リポジトリを追加します。",
    "description": "SettingsWindow.DrawCustomReposSection"
  },
  "DalamudSettingCustomRepoWarning": {
    "message": "サードパーティのプラグインやリポジトリについては一切責任を負いません。\n信頼できないソースからサードパーティのプラグインをインストールする場合は注意してください。",
    "description": "SettingsWindow.DrawCustomReposSection"
  },
  "DalamudThirdRepoExists": {
    "message": "リポジトリは既に追加されています。",
    "description": "SettingsWindow.DrawCustomReposSection"
  },
  "DalamudSettingsDevPluginLocation": {
    "message": "開発プラグインの場所",
    "description": "SettingsWindow.DrawDevPluginLocationsSection"
  },
  "DalamudSettingsDevPluginLocationsHint": {
    "message": "追加の開発プラグインの読み込み場所を追加します。\nこれらはディレクトリまたはDLLパスのいずれかになります。",
    "description": "SettingsWindow.DrawDevPluginLocationsSection"
  },
  "DalamudDevPluginLocationExists": {
    "message": "レポジトリは既に存在しています。",
    "description": "SettingsWindow.DrawDevPluginLocationsSection"
  },
  "Save": {
    "message": "保存する",
    "description": "SettingsWindow.DrawSaveCloseButtons"
  },
  "Close": {
    "message": "閉じる",
    "description": "SettingsWindow.DrawSaveCloseButtons"
  },
  "SaveAndClose": {
    "message": "保存して閉じる",
    "description": "SettingsWindow.DrawSaveCloseButtons"
  },
  "RenameStyleModalTitle": {
    "message": "スタイルの名前の変更",
    "description": "StyleEditorWindow.Draw"
  },
  "StyleEditorChooseStyle": {
    "message": "選択中のスタイル:",
    "description": "StyleEditorWindow.Draw"
  },
  "StyleEditorAddNew": {
    "message": "新しいスタイルを追加",
    "description": "StyleEditorWindow.Draw"
  },
  "StyleEditorDeleteStyle": {
    "message": "現在のスタイルを削除",
    "description": "StyleEditorWindow.Draw"
  },
  "StyleEditorRenameStyle": {
    "message": "スタイルの名前を変更",
    "description": "StyleEditorWindow.Draw"
  },
  "StyleEditorCopy": {
    "message": "共有用にスタイルをクリップボードにコピー",
    "description": "StyleEditorWindow.Draw"
  },
  "StyleEditorImport": {
    "message": "クリップボードからスタイルを読み込む",
    "description": "StyleEditorWindow.Draw"
  },
  "StyleEditorNotAllowed": {
    "message": "ビルトインのスタイルは編集できません。先に新しいスタイルを追加してください。",
    "description": "StyleEditorWindow.Draw"
  },
  "StyleEditorApplying": {
    "message": "スタイルを適用しています...",
    "description": "StyleEditorWindow.Draw"
  },
  "StyleEditorVariables": {
    "message": "パラメータ",
    "description": "StyleEditorWindow.Draw"
  },
  "StyleEditorColors": {
    "message": "配色",
    "description": "StyleEditorWindow.Draw"
  },
  "StyleEditorEnterName": {
    "message": "このスタイルの新しい名前を入力してください。",
    "description": "StyleEditorWindow.Draw"
  },
  "InstallerHeader": {
    "message": "プラグインインストーラ",
    "description": "Locs.get_WindowTitle"
  },
  "InstallerHeaderTesting": {
    "message": " (テスト中)",
    "description": "Locs.get_WindowTitleMod_Testing"
  },
  "InstallerHint": {
    "message": "このウィンドウでは、In-Game プラグインのインストールと削除を行うことができます。\nこれらはサードパーティの開発者によって作られたものです。",
    "description": "Locs.get_Header_Hint"
  },
  "InstallerSearch": {
    "message": "検索",
    "description": "Locs.get_Header_SearchPlaceholder"
  },
  "InstallerAlphabetical": {
    "message": "アルファベット順",
    "description": "Locs.get_SortBy_Alphabetical"
  },
  "InstallerDownloadCount": {
    "message": "ダウンロード数",
    "description": "Locs.get_SortBy_DownloadCounts"
  },
  "InstallerLastUpdate": {
    "message": "最終更新日時",
    "description": "Locs.get_SortBy_LastUpdate"
  },
  "InstallerNewOrNot": {
    "message": "追加日時",
    "description": "Locs.get_SortBy_NewOrNot"
  },
  "InstallerNotInstalled": {
    "message": "未インストール",
    "description": "Locs.get_SortBy_NotInstalled"
  },
  "InstallerSortBy": {
    "message": "ソート順",
    "description": "Locs.get_SortBy_Label"
  },
  "InstallerLoading": {
    "message": "プラグインをロード中……",
    "description": "Locs.get_TabBody_LoadingPlugins"
  },
  "InstallerDownloadFailed": {
    "message": "ダウンロードが失敗しました。",
    "description": "Locs.get_TabBody_DownloadFailed"
  },
  "InstallerSafeMode": {
    "message": "Dalamudはプラグインセーフモードで実行されています。プラグインを有効にするには再起動してください。",
    "description": "Locs.get_TabBody_SafeMode"
  },
  "InstallerNoMatching": {
    "message": "検索条件に一致するプラグインが見つかりませんでした。",
    "description": "Locs.get_TabBody_SearchNoMatching"
  },
  "InstallerNoCompatible": {
    "message": "互換性のあるプラグインが見つかりませんでした　('A`)　ゲームを再起動して再度実行してください。",
    "description": "Locs.get_TabBody_SearchNoCompatible"
  },
  "InstallerNoInstalled": {
    "message": "現在インストールされているプラグインはありません。「すべてのプラグイン」タブからインストールできます。",
    "description": "Locs.get_TabBody_SearchNoInstalled"
  },
  "InstallerNoChangelog": {
    "message": "インストールされているプラグインに更新履歴がありません。",
    "description": "Locs.get_TabBody_ChangelogNone"
  },
  "InstallerInstalled": {
    "message": " (導入済み)",
    "description": "Locs.get_PluginTitleMod_Installed"
  },
  "InstallerDisabled": {
    "message": " (無効化済み)",
    "description": "Locs.get_PluginTitleMod_Disabled"
  },
  "InstallerUnloaded": {
    "message": " (アンロード済み)",
    "description": "Locs.get_PluginTitleMod_Unloaded"
  },
  "InstallerHasUpdate": {
    "message": " (更新あり)",
    "description": "Locs.get_PluginTitleMod_HasUpdate"
  },
  "InstallerUpdated": {
    "message": " (更新済み)",
    "description": "Locs.get_PluginTitleMod_Updated"
  },
  "InstallerTestingVersion": {
    "message": " (テストバージョン)",
    "description": "Locs.get_PluginTitleMod_TestingVersion"
  },
  "InstallerUpdateFailed": {
    "message": " (アップデート失敗)",
    "description": "Locs.get_PluginTitleMod_UpdateFailed"
  },
  "InstallerLoadError": {
    "message": " (読み込みエラー)",
    "description": "Locs.get_PluginTitleMod_LoadError"
  },
  "InstallerUnloadError": {
    "message": " (アンロード失敗)",
    "description": "Locs.get_PluginTitleMod_UnloadError"
  },
  "InstallerOutdatedError": {
    "message": " (互換性なし)",
    "description": "Locs.get_PluginTitleMod_OutdatedError"
  },
  "InstallerBannedError": {
    "message": " (自動的に無効)",
    "description": "Locs.get_PluginTitleMod_BannedError"
  },
  "InstallerNewPlugin ": {
    "message": "New!",
    "description": "Locs.get_PluginTitleMod_New"
  },
  "InstallerMarkAllSeen": {
    "message": "すべて既読にする",
    "description": "Locs.get_PluginContext_MarkAllSeen"
  },
  "InstallerHidePlugin": {
    "message": "インストーラーから非表示",
    "description": "Locs.get_PluginContext_HidePlugin"
  },
  "InstallerDeletePluginConfig": {
    "message": "プラグインをリセット",
    "description": "Locs.get_PluginContext_DeletePluginConfig"
  },
  "InstallerDeletePluginConfigReload": {
    "message": "プラグインの設定をリセットして再読み込み",
    "description": "Locs.get_PluginContext_DeletePluginConfigReload"
  },
  "InstallerAuthorWithoutDownloadCount": {
    "message": " 開発者: {0}",
    "description": "Locs.PluginBody_AuthorWithoutDownloadCount"
  },
  "InstallerAuthorWithDownloadCount": {
    "message": " 開発者: {0}, ダウンロード数: {1}",
    "description": "Locs.PluginBody_AuthorWithDownloadCount"
  },
  "InstallerAuthorWithDownloadCountUnavailable": {
    "message": " 開発者: {0}, ダウンロード数: 不明",
    "description": "Locs.PluginBody_AuthorWithDownloadCountUnavailable"
  },
  "InstallerHeaderAuthor": {
    "message": " 開発者: {0}",
    "description": "Locs.PluginBody_Author"
  },
  "InstallerHeaderDownloadCount": {
    "message": ", ダウンロード数: {0}",
    "description": "Locs.PluginBody_DownloadCount"
  },
  "InstallerDevPluginPath": {
    "message": "From {0}",
    "description": "Locs.PluginBody_DevPluginPath"
  },
  "InstallerPlugin3rdPartyRepo": {
    "message": "カスタムプラグインリポジトリ経由: {0}",
    "description": "Locs.PluginBody_Plugin3rdPartyRepo"
  },
  "InstallerDevPlugin": {
    "message": " このプラグインはリポジトリのいずれかで利用可能です。devPlugins フォルダから削除してください。",
    "description": "Locs.get_PluginBody_AvailableDevPlugin"
  },
  "InstallerDeleteDevPlugin ": {
    "message": " このプラグインを削除するには、devPlugins フォルダから削除してください。",
    "description": "Locs.get_PluginBody_DeleteDevPlugin"
  },
  "InstallerOutdatedPluginBody ": {
    "message": "このプラグインは現在互換性がありません。開発者が更新するまでお待ちください。",
    "description": "Locs.get_PluginBody_Outdated"
  },
  "InstallerBannedPluginBody ": {
    "message": "このプラグインは互換性がないため自動的に無効化されており、現在使用できません。\n開発者のアップデートをお待ちください。",
    "description": "Locs.get_PluginBody_Banned"
  },
  "InstallerBannedPluginBodyReason ": {
    "message": "このプラグインは自動的に無効化されました: {0}",
    "description": "Locs.PluginBody_BannedReason"
  },
  "InstallerInstall": {
    "message": "v{0} をインストール",
    "description": "Locs.PluginButton_InstallVersion"
  },
  "InstallerWorking": {
    "message": "処理中",
    "description": "Locs.get_PluginButton_Working"
  },
  "InstallerDisable": {
    "message": "無効化",
    "description": "Locs.get_PluginButton_Disable"
  },
  "InstallerLoad": {
    "message": "読み込む",
    "description": "Locs.get_PluginButton_Load"
  },
  "InstallerUnload": {
    "message": "アンロード",
    "description": "Locs.get_PluginButton_Unload"
  },
  "InstallerOpenConfig": {
    "message": "設定を開く",
    "description": "Locs.get_PluginButtonToolTip_OpenConfiguration"
  },
  "InstallerStartOnBoot": {
    "message": "起動時に自動で開始する",
    "description": "Locs.get_PluginButtonToolTip_StartOnBoot"
  },
  "InstallerAutomaticReloading": {
    "message": "自動再読み込み",
    "description": "Locs.get_PluginButtonToolTip_AutomaticReloading"
  },
  "InstallerDeletePlugin ": {
    "message": "プラグインを削除",
    "description": "Locs.get_PluginButtonToolTip_DeletePlugin"
  },
  "InstallerVisitPluginUrl": {
    "message": "プラグインのURLを開く",
    "description": "Locs.get_PluginButtonToolTip_VisitPluginUrl"
  },
  "InstallerUpdateSingle": {
    "message": "{0} の更新",
    "description": "Locs.PluginButtonToolTip_UpdateSingle"
  },
  "InstallerUnloadFailedTooltip": {
    "message": "プラグインのアンロードに失敗しました。ゲームを再起動してもう一度お試しください。",
    "description": "Locs.get_PluginButtonToolTip_UnloadFailed"
  },
  "NotificationsPluginInstalledTitle": {
    "message": "プラグインがインストールされました！",
    "description": "Locs.get_Notifications_PluginInstalledTitle"
  },
  "NotificationsPluginInstalled": {
    "message": "'{0}' は正常にインストールされました。",
    "description": "Locs.Notifications_PluginInstalled"
  },
  "NotificationsPluginNotInstalledTitle": {
    "message": "プラグインがインストールされていません！",
    "description": "Locs.get_Notifications_PluginNotInstalledTitle"
  },
  "NotificationsPluginNotInstalled": {
    "message": "'{0}' のインストールに失敗しました。",
    "description": "Locs.Notifications_PluginNotInstalled"
  },
  "NotificationsNoUpdatesFoundTitle": {
    "message": "アップデートはありませんでした！",
    "description": "Locs.get_Notifications_NoUpdatesFoundTitle"
  },
  "NotificationsNoUpdatesFound": {
    "message": "アップデートは見つかりませんでした。",
    "description": "Locs.get_Notifications_NoUpdatesFound"
  },
  "NotificationsUpdatesInstalledTitle": {
    "message": "アップデートが完了しました！",
    "description": "Locs.get_Notifications_UpdatesInstalledTitle"
  },
  "NotificationsUpdatesInstalled": {
    "message": "{0} のプラグインがインストールされました。",
    "description": "Locs.Notifications_UpdatesInstalled"
  },
  "NotificationsPluginDisabledTitle": {
    "message": "プラグインを無効にしました！",
    "description": "Locs.get_Notifications_PluginDisabledTitle"
  },
  "NotificationsPluginDisabled": {
    "message": "'{0}' は無効化されました。",
    "description": "Locs.Notifications_PluginDisabled"
  },
  "InstallerUpdatePlugins": {
    "message": "プラグインをアップデートする",
    "description": "Locs.get_FooterButton_UpdatePlugins"
  },
  "InstallerInProgress": {
    "message": "インストール中……",
    "description": "Locs.get_FooterButton_InProgress"
  },
  "InstallerNoUpdates": {
    "message": "アップデートが見つかりませんでした！",
    "description": "Locs.get_FooterButton_NoUpdates"
  },
  "InstallerUpdateComplete": {
    "message": "{0} のプラグインが更新されました！",
    "description": "Locs.FooterButton_UpdateComplete"
  },
  "InstallerSettings": {
    "message": "設定",
    "description": "Locs.get_FooterButton_Settings"
  },
  "InstallerScanDevPlugins": {
    "message": "新しいプラグインを確認",
    "description": "Locs.get_FooterButton_ScanDevPlugins"
  },
  "InstallerClose": {
    "message": "閉じる",
    "description": "Locs.get_FooterButton_Close"
  },
  "InstallerError": {
    "message": "インストールエラー",
    "description": "Locs.get_ErrorModal_Title"
  },
  "InstallerContactAuthor": {
    "message": "ゲームを再起動して再試行してください。このエラーが再度発生した場合は、プラグインの開発者に連絡してください。",
    "description": "Locs.get_ErrorModal_InstallContactAuthor"
  },
  "InstallerInstallFail": {
    "message": "プラグイン {0} のインストールに失敗しました。\n{1}",
    "description": "Locs.ErrorModal_InstallFail"
  },
  "InstallerSingleUpdateFail": {
    "message": "プラグイン {0} の更新に失敗しました。\n{1}",
    "description": "Locs.ErrorModal_SingleUpdateFail"
  },
  "InstallerDeleteConfigFail": {
    "message": "プラグイン {0} のリセットに失敗しました。\n\nプラグインはこの操作をサポートしていない可能性があります。 ゲームが終了している間に手動で設定を削除してみてください - FAQを参照してください。",
    "description": "Locs.ErrorModal_DeleteConfigFail"
  },
  "InstallerEnableFail": {
    "message": "プラグイン {0} の有効化に失敗しました。\n{1}",
    "description": "Locs.ErrorModal_EnableFail"
  },
  "InstallerDisableFail": {
    "message": "プラグイン {0} の無効化に失敗しました。\n{1}",
    "description": "Locs.ErrorModal_DisableFail"
  },
  "InstallerUnloadFail": {
    "message": "プラグイン {0} のアンロードに失敗しました。\n{1}",
    "description": "Locs.ErrorModal_UnloadFail"
  },
  "InstallerLoadFail": {
    "message": "プラグイン {0} の読み込みに失敗しました。\n{1}",
    "description": "Locs.ErrorModal_LoadFail"
  },
  "InstallerDeleteFail": {
    "message": "プラグイン {0} の削除に失敗しました。\n{1}",
    "description": "Locs.ErrorModal_DeleteFail"
  },
  "InstallerUpdaterFatal": {
    "message": "プラグインの更新に失敗しました。\nゲームを再起動してもう一度お試しください。再度このエラーが発生した場合は報告してください。",
    "description": "Locs.get_ErrorModal_UpdaterFatal"
  },
  "InstallerUpdaterFail": {
    "message": "{0} プラグインのアップデートに失敗しました。\nゲームを再起動してもう一度お試しください。再度このエラーが発生した場合は報告してください。",
    "description": "Locs.ErrorModal_UpdaterFail"
  },
  "InstallerUpdaterFailPartial": {
    "message": "{0} プラグインを更新しました。 {1} の更新に失敗しました。\nゲームを再起動してもう一度お試しください。再度このエラーが発生した場合は報告してください。",
    "description": "Locs.ErrorModal_UpdaterFailPartial"
  },
  "InstallerErrorPluginInfo": {
    "message": "\n\n以下のプラグインが問題を起こしました：\n\n{0}\nこれらのプラグインを手動で削除し、再インストールしてみてください。",
    "description": "Locs.ErrorModal_HintBlame"
  },
  "InstallerFeedback": {
    "message": "フィードバックを送る",
    "description": "Locs.get_FeedbackModal_Title"
  },
  "InstallerFeedbackInfo": {
    "message": "ここで「{0}」の開発者にフィードバックを送ることができます。\n返答を受け取りたい場合は、Discord タグやメールアドレスを記載することもできます。\n\n問題のあるエラーを報告したい場合には、XIVLauncher の Discord サーバーに参加することをおすすめします。",
    "description": "Locs.FeedbackModal_Text"
  },
  "InstallerFeedbackHasUpdate": {
    "message": "このプラグインの新しいバージョンが利用可能です。バグを報告する前にアップデートしてください。",
    "description": "Locs.get_FeedbackModal_HasUpdate"
  },
  "InstallerFeedbackContactInfo": {
    "message": "連絡先情報",
    "description": "Locs.get_FeedbackModal_ContactInformation"
  },
  "InstallerFeedbackIncludeLastError": {
    "message": "最後のエラーメッセージを含める",
    "description": "Locs.get_FeedbackModal_IncludeLastError"
  },
  "InstallerFeedbackIncludeLastErrorHint": {
    "message": "これを有効にすると、プラグインの開発者に何が問題であったのかを正確に知らせることができます。",
    "description": "Locs.get_FeedbackModal_IncludeLastErrorHint"
  },
  "InstallerFeedbackHint": {
    "message": "すべてのプラグイン開発者があなたのフィードバックを見ることができます。\n個人情報や個人を特定できるような情報は絶対に含めないでください。\n「最後のエラーメッセージを含める」を選択した場合、使用中の Windows ユーザー名などの情報が含まれる可能性があります。\n\n収集されたフィードバックは、私たちのサーバーには保存されず、すぐに Discord に転送されます。",
    "description": "Locs.get_FeedbackModal_Hint"
  },
  "InstallerFeedbackNotificationSuccess": {
    "message": "フィードバックが正常に送信されました！",
    "description": "Locs.get_FeedbackModal_NotificationSuccess"
  },
  "InstallerFeedbackNotificationError": {
    "message": "フィードバックを送信できませんでした。",
    "description": "Locs.get_FeedbackModal_NotificationError"
  },
  "DalamudPluginUpdates": {
    "message": "更新:",
    "description": "Locs.get_PluginUpdateHeader_Chatbox"
  },
  "OK": {
    "message": "OK",
    "description": "Locs.get_ErrorModalButton_Ok"
  },
  "DalamudWelcome": {
    "message": "Dalamud vD{0} を読み込みました。",
    "description": "ChatHandlers.PrintWelcomeMessage"
  },
  "PluginsWelcome": {
    "message": " {0}個のプラグインが読み込まれました。",
    "description": "ChatHandlers.PrintWelcomeMessage"
  },
  "DalamudPluginLoaded": {
    "message": "    》 {0} v{1} がロードされました。",
    "description": "ChatHandlers.PrintWelcomeMessage"
  },
  "DalamudUpdated": {
    "message": "Dalamud の更新が完了しました！詳細な更新履歴を Discord で確認してください。",
    "description": "ChatHandlers.PrintWelcomeMessage"
  },
  "DalamudPluginUpdateCheckFail": {
    "message": "プラグインの更新を確認できませんでした。",
    "description": "<>c__DisplayClass16_0.<AutoUpdatePlugins>b__1"
  },
  "DalamudPluginAutoUpdate": {
    "message": "自動アップデート:",
    "description": "<>c__DisplayClass16_0.<AutoUpdatePlugins>b__1"
  },
  "NotificationUpdatedPlugins": {
    "message": "{0}個のプラグインが更新されました。",
    "description": "<>c__DisplayClass16_0.<AutoUpdatePlugins>b__1"
  },
  "NotificationAutoUpdate": {
    "message": "自動アップデート",
    "description": "<>c__DisplayClass16_0.<AutoUpdatePlugins>b__1"
  },
  "DalamudPluginUpdateRequired": {
    "message": "いくつかのプラグインで更新が必要です。/xlplugins コマンドを使用して、プラグインを更新してください。",
    "description": "<>c__DisplayClass16_0.<AutoUpdatePlugins>b__1"
  },
  "SystemMenuPlugins": {
    "message": "Dalamud プラグイン",
    "description": "DalamudAtkTweaks..ctor"
  },
  "SystemMenuSettings": {
    "message": "Dalamud 設定",
    "description": "DalamudAtkTweaks..ctor"
  }
}