{
  "DalamudPluginUpdateSuccessful": {
    "message": "    》 {0} a été mis à jour vers la v{1}.",
    "description": "Locs.DalamudPluginUpdateSuccessful"
  },
  "DalamudPluginUpdateFailed": {
    "message": "    》 échec de la mise à jour de {0} vers la v{1} .",
    "description": "Locs.DalamudPluginUpdateFailed"
  },
  "DalamudUnloadHelp": {
    "message": "Désactive l'addon en jeu de XIVLauncher.",
    "description": "DalamudCommands.SetupCommands"
  },
  "DalamudPluginReloadHelp": {
    "message": "Recharge tous les plugins.",
    "description": "DalamudCommands.SetupCommands"
  },
  "DalamudCmdInfoHelp": {
    "message": "Montre la liste des commandes disponibles.",
    "description": "DalamudCommands.SetupCommands"
  },
  "DalamudMuteHelp": {
    "message": "Met en sourdine un mot ou une phrase dans le chat. Utilisation : /xlmute <mot ou phrase>",
    "description": "DalamudCommands.SetupCommands"
  },
  "DalamudMuteListHelp": {
    "message": "Liste les mots ou phrases en sourdine.",
    "description": "DalamudCommands.SetupCommands"
  },
  "DalamudUnmuteHelp": {
    "message": "Réaffiche un mot ou une phrase mise en sourdine. Utilisation : /xlunmute <mot ou phrase>",
    "description": "DalamudCommands.SetupCommands"
  },
  "DalamudLastLinkHelp": {
    "message": "Ouvre le dernier lien affiché dans le chat dans votre navigateur par défaut.",
    "description": "DalamudCommands.SetupCommands"
  },
  "DalamudBgmSetHelp": {
    "message": "Définit la musique de fond. Utilisation : /xlbgmset <BGM ID>",
    "description": "DalamudCommands.SetupCommands"
  },
  "DalamudDevMenuHelp": {
    "message": "Dessine le menu pour développeur DEBUG",
    "description": "DalamudCommands.SetupCommands"
  },
  "DalamudDevDataMenuHelp": {
    "message": "Draw dev data menu DEBUG. Usage: /xldata [Data Dropdown Type]",
    "description": "DalamudCommands.SetupCommands"
  },
  "DalamudIMEPanelHelp": {
    "message": "Dessiner le panneau IME",
    "description": "DalamudCommands.SetupCommands"
  },
  "DalamudDevLogHelp": {
    "message": "Ouvrir le log DEBUG de développeur",
    "description": "DalamudCommands.SetupCommands"
  },
  "DalamudInstallerHelp": {
    "message": "Ouvrir l’installateur de plugins",
    "description": "DalamudCommands.SetupCommands"
  },
  "DalamudCreditsHelp": {
    "message": "Ouvre la liste des participants.",
    "description": "DalamudCommands.SetupCommands"
  },
  "DalamudLanguageHelp": {
    "message": "Définit la langue utilisée par Dalamud et pour les plugins qui utilisent cette configuration. Langues disponibles : ",
    "description": "DalamudCommands.SetupCommands"
  },
  "DalamudSettingsHelp": {
    "message": "Modifie différents paramètres, comme les canaux de discussion et le bot Discord.",
    "description": "DalamudCommands.SetupCommands"
  },
  "DalamudCmdHelpAvailable": {
    "message": "Commandes disponibles :",
    "description": "DalamudCommands.OnHelpCommand"
  },
  "DalamudMuteNoArgs": {
    "message": "Veuillez donner un mot à mettre en sourdine.",
    "description": "DalamudCommands.OnBadWordsAddCommand"
  },
  "DalamudMuted": {
    "message": "\"{0}\" est mis en sourdine.",
    "description": "DalamudCommands.OnBadWordsAddCommand"
  },
  "DalamudNoneMuted": {
    "message": "Pas de mots ou phrases en sourdine.",
    "description": "DalamudCommands.OnBadWordsListCommand"
  },
  "DalamudUnmuted": {
    "message": "\"{0}\" est de nouveau visible.",
    "description": "DalamudCommands.OnBadWordsRemoveCommand"
  },
  "DalamudNoLastLink": {
    "message": "Pas de lien récent...",
    "description": "DalamudCommands.OnLastLinkCommand"
  },
  "DalamudOpeningLink": {
    "message": "Ouverture de {0}",
    "description": "DalamudCommands.OnLastLinkCommand"
  },
  "DalamudLanguageSetTo": {
    "message": "Langue définie à : {0}",
    "description": "DalamudCommands.OnSetLanguageCommand"
  },
  "TSMDalamudPlugins": {
    "message": "Installateur de Plugins",
    "description": "DalamudInterface..ctor"
  },
  "TSMDalamudSettings": {
    "message": "Paramètres de Dalamud",
    "description": "DalamudInterface..ctor"
  },
  "TSMDalamudDevMenu": {
    "message": "Menu Développeur",
    "description": "DalamudInterface..ctor"
  },
  "InstallerDevTools": {
    "message": "Outils Développeur",
    "description": "Locs.get_Group_DevTools"
  },
  "InstallerInstalledPlugins": {
    "message": "Plugins Installés",
    "description": "Locs.get_Group_Installed"
  },
  "InstallerAllPlugins": {
    "message": "Tous les Plugins",
    "description": "Locs.get_Group_Available"
  },
  "InstallerChangelog": {
    "message": "Historique des modifications",
    "description": "Locs.get_Group_Changelog"
  },
  "InstallerCategoryAll": {
    "message": "Tous",
    "description": "Locs.get_Category_All"
  },
  "InstallerInstalledDevPlugins": {
    "message": "Plugins en Développement Installés",
    "description": "Locs.get_Category_DevInstalled"
  },
  "InstallerCategoryOther": {
    "message": "Autres",
    "description": "Locs.get_Category_Other"
  },
  "InstallerCategoryJobs": {
    "message": "Jobs",
    "description": "Locs.get_Category_Jobs"
  },
  "InstallerCategoryUI": {
    "message": "UI",
    "description": "Locs.get_Category_UI"
  },
  "InstallerCategoryMiniGames": {
    "message": "Mini-Jeux",
    "description": "Locs.get_Category_MiniGames"
  },
  "InstallerCategoryInventory": {
    "message": "Inventaire",
    "description": "Locs.get_Category_Inventory"
  },
  "InstallerCategorySound": {
    "message": "Son",
    "description": "Locs.get_Category_Sound"
  },
  "InstallerCategorySocial": {
    "message": "Social",
    "description": "Locs.get_Category_Social"
  },
  "InstallerCategoryUtility": {
    "message": "Utilitaire",
    "description": "Locs.get_Category_Utility"
  },
  "InstallerCategoryPlugins": {
    "message": "Plugins",
    "description": "Locs.get_Category_Plugins"
  },
  "InstallerCategoryDalamud": {
    "message": "Dalamud",
    "description": "Locs.get_Category_Dalamud"
  },
  "DalamudGamepadModeNotifierText": {
    "message": "Le mode manette est ACTIF. Appuyez sur L1+L3 pour le désactiver, ou appuyez sur R3 pour activer/désactiver l'Installateur de Plugins.",
    "description": "GamepadModeNotifierWindow.Draw"
  },
  "DalamudSettingsHeader": {
    "message": "Paramètres de Dalamud",
    "description": "SettingsWindow..ctor"
  },
  "DalamudSettingsFontResolutionLevel0": {
    "message": "Texture minimale (1k x 1k texture)",
    "description": "SettingsWindow..ctor"
  },
  "DalamudSettingsFontResolutionLevel1": {
    "message": "Texture moindre (2k x 2k texture)",
    "description": "SettingsWindow..ctor"
  },
  "DalamudSettingsFontResolutionLevel2": {
    "message": "Texture normale (4k x 4k texture)",
    "description": "SettingsWindow..ctor"
  },
  "DalamudSettingsFontResolutionLevel3": {
    "message": "Très bonne texture (8k x 8k, peut faire planter votre jeu)",
    "description": "SettingsWindow..ctor"
  },
  "DalamudSettingsFontResolutionLevel4": {
    "message": "Meilleure texture (16k x 16k, peut faire planter votre jeu)",
    "description": "SettingsWindow..ctor"
  },
  "DalamudSettingsGeneral": {
    "message": "Général",
    "description": "SettingsWindow.Draw"
  },
  "DalamudSettingsVisual": {
    "message": "Apparence",
    "description": "SettingsWindow.Draw"
  },
  "DalamudSettingsServerInfoBar": {
    "message": "Barre d'Infos du Serveur",
    "description": "SettingsWindow.Draw"
  },
  "DalamudSettingsExperimental": {
    "message": "Expérimental",
    "description": "SettingsWindow.Draw"
  },
  "DalamudSettingsLanguage": {
    "message": "Langue",
    "description": "SettingsWindow.DrawGeneralTab"
  },
  "DalamudSettingsLanguageHint": {
    "message": "Sélectionner la langue dans laquelle Dalamud sera affiché.",
    "description": "SettingsWindow.DrawGeneralTab"
  },
  "DalamudSettingsChannel": {
    "message": "Canal de discussion général",
    "description": "SettingsWindow.DrawGeneralTab"
  },
  "DalamudSettingsChannelHint": {
    "message": "Sélectionner le canal de discussion qui sera utilisé pour les messages généraux de Dalamud.",
    "description": "SettingsWindow.DrawGeneralTab"
  },
  "DalamudSettingsFlash": {
    "message": "Faire clignoter la fenêtre du jeu quand une mission est trouvée",
    "description": "SettingsWindow.DrawGeneralTab"
  },
  "DalamudSettingsFlashHint": {
    "message": "Activer, si la fenêtre de FFXIV devrait clignoter dans votre barre des tâches quand une mission est prête.",
    "description": "SettingsWindow.DrawGeneralTab"
  },
  "DalamudSettingsDutyFinderMessage": {
    "message": "Message dans le chat quand une mission est prête",
    "description": "SettingsWindow.DrawGeneralTab"
  },
  "DalamudSettingsDutyFinderMessageHint": {
    "message": "Envoyer un message dans le chat de FFXIV lorsqu'une mission est prête.",
    "description": "SettingsWindow.DrawGeneralTab"
  },
  "DalamudSettingsPrintPluginsWelcomeMsg": {
    "message": "Afficher les plugins chargés dans le message de bienvenue",
    "description": "SettingsWindow.DrawGeneralTab"
  },
  "DalamudSettingsPrintPluginsWelcomeMsgHint": {
    "message": "Afficher dans le chat les plugins chargés lors de la connexion d'un personnage.",
    "description": "SettingsWindow.DrawGeneralTab"
  },
  "DalamudSettingsAutoUpdatePlugins": {
    "message": "Mettre à jour automatiquement les plugins",
    "description": "SettingsWindow.DrawGeneralTab"
  },
  "DalamudSettingsAutoUpdatePluginsMsgHint": {
    "message": "Mise à jour automatique des plugins à la connexion d'un personnage.",
    "description": "SettingsWindow.DrawGeneralTab"
  },
  "DalamudSettingsSystemMenu": {
    "message": "Boutons Dalamud dans le menu Système",
    "description": "SettingsWindow.DrawGeneralTab"
  },
  "DalamudSettingsSystemMenuMsgHint": {
    "message": "Ajouter des boutons pour accéder aux Plugins et Paramètres de Dalamud dans le menu Système.",
    "description": "SettingsWindow.DrawGeneralTab"
  },
  "DalamudSettingsDisableRmtFiltering": {
    "message": "Désactiver le filtrage RMT",
    "description": "SettingsWindow.DrawGeneralTab"
  },
  "DalamudSettingsDisableRmtFilteringMsgHint": {
    "message": "Désactiver le filtrage intégré des annonces RMT de Dalamud.",
    "description": "SettingsWindow.DrawGeneralTab"
  },
  "DalamudSettingDoMbCollect": {
    "message": "Télécharger anonymement les données du Tableau de ventes",
    "description": "SettingsWindow.DrawGeneralTab"
  },
  "DalamudSettingDoMbCollectHint": {
    "message": "Fournir anonymement des données sur l'économie en jeu à Universalis lorsque vous naviguez le Tableau de ventes. Ces données ne peuvent en aucun cas vous identifier, et tout le monde en bénéficiera !",
    "description": "SettingsWindow.DrawGeneralTab"
  },
  "DalamudSettingsGlobalUiScale": {
    "message": "Échelle globale des fontes",
    "description": "SettingsWindow.DrawLookAndFeelTab"
  },
  "DalamudSettingsUiScalePreset6": {
    "message": "9.6pt",
    "description": "SettingsWindow.DrawLookAndFeelTab"
  },
  "DalamudSettingsUiScalePreset12": {
    "message": "Réinitialiser (12pt)",
    "description": "SettingsWindow.DrawLookAndFeelTab"
  },
  "DalamudSettingsUiScalePreset14": {
    "message": "14pt",
    "description": "SettingsWindow.DrawLookAndFeelTab"
  },
  "DalamudSettingsUiScalePreset18": {
    "message": "18pt",
    "description": "SettingsWindow.DrawLookAndFeelTab"
  },
  "DalamudSettingsUiScalePreset36": {
    "message": "36pt",
    "description": "SettingsWindow.DrawLookAndFeelTab"
  },
  "DalamudSettingsGlobalUiScaleHint": {
    "message": "Mettre à l'échelle les textes dans tous les éléments d'interface de XIVLauncher - utile pour les écrans 4K.",
    "description": "SettingsWindow.DrawLookAndFeelTab"
  },
  "DalamudSettingsOpenStyleEditor": {
    "message": "Ouvrir l'Éditeur de Style",
    "description": "SettingsWindow.DrawLookAndFeelTab"
  },
  "DalamudSettingsStyleEditorHint": {
    "message": "Modifiez l'apparence des fenêtres de Dalamud.",
    "description": "SettingsWindow.DrawLookAndFeelTab"
  },
  "DalamudSettingToggleAxisFonts": {
    "message": "Utiliser les fontes AXIS comme fontes par défaut de Dalamud",
    "description": "SettingsWindow.DrawLookAndFeelTab"
  },
  "DalamudSettingToggleUiAxisFontsHint": {
    "message": "Utiliser les fontes AXIS (les polices principales de l'Interface du jeu) comme fontes par défaut pour Dalamud.",
    "description": "SettingsWindow.DrawLookAndFeelTab"
  },
  "DalamudSettingsFontResolutionLevel": {
    "message": "Niveau de résolution des fontes",
    "description": "SettingsWindow.DrawLookAndFeelTab"
  },
  "DalamudSettingsFontResolutionLevelHint": {
    "message": "Cette option permet aux fontes utilisées par Dalamud d'être visuellement meilleures. Si votre jeu plante lors de la modification de cette option, votre PC ne prend pas en charge les hautes résolutions des fontes de Dalamud - vous devrez alors utiliser une version inférieure.\nLa taille actuelle de l'atlas de fontes est {0}px * {1}px.",
    "description": "SettingsWindow.DrawLookAndFeelTab"
  },
  "DalamudSettingToggleUiHideOptOutNote": {
    "message": "Les plugins peuvent s’exclure eux-mêmes des paramètres ci-dessous.",
    "description": "SettingsWindow.DrawLookAndFeelTab"
  },
  "DalamudSettingToggleUiHide": {
    "message": "Cacher l'interface des plugins quand l'interface du jeu est cachée",
    "description": "SettingsWindow.DrawLookAndFeelTab"
  },
  "DalamudSettingToggleUiHideHint": {
    "message": "Cochez pour cacher les fenêtres ouvertes par des plugins en même temps que l'interface du jeu.",
    "description": "SettingsWindow.DrawLookAndFeelTab"
  },
  "DalamudSettingToggleUiHideDuringCutscenes": {
    "message": "Cacher l'interface des plugins pendant les cinématiques",
    "description": "SettingsWindow.DrawLookAndFeelTab"
  },
  "DalamudSettingToggleUiHideDuringCutscenesHint": {
    "message": "Cacher toutes les fenêtres ouvertes par les plugins pendant les cinématiques.",
    "description": "SettingsWindow.DrawLookAndFeelTab"
  },
  "DalamudSettingToggleUiHideDuringGpose": {
    "message": "Cacher l'interface des plugins lorsque gpose est actif",
    "description": "SettingsWindow.DrawLookAndFeelTab"
  },
  "DalamudSettingToggleUiHideDuringGposeHint": {
    "message": "Cacher toutes les fenêtres ouvertes par les plugins lorsque gpose est actif.",
    "description": "SettingsWindow.DrawLookAndFeelTab"
  },
  "DalamudSettingToggleFocusManagement": {
    "message": "Utilisez la touche Échap pour fermer les fenêtres Dalamud",
    "description": "SettingsWindow.DrawLookAndFeelTab"
  },
  "DalamudSettingToggleFocusManagementHint": {
    "message": "Activer cette option modifiera le comportement des fenêtres de Dalamud afin qu'elles soient considérées comme des fenêtres en jeu lorsque vous appuyez sur la touche Échap.\nElles se fermeront l'une après l'autre jusqu'à ce que toutes les fenêtres de Plugins soient fermées. Néanmoins, cette option peut ne pas fonctionner pour tous les plugins.",
    "description": "SettingsWindow.DrawLookAndFeelTab"
  },
  "DalamudSettingToggleViewports": {
    "message": "Activer les fenêtres multi-écrans",
    "description": "SettingsWindow.DrawLookAndFeelTab"
  },
  "DalamudSettingToggleViewportsHint": {
    "message": "Cela vous permettra de déplacer les fenêtres des plugins vers d'autres écrans.\nNe fonctionne qu'en mode d'écran Fenêtre sans bords ou Fenêtre.",
    "description": "SettingsWindow.DrawLookAndFeelTab"
  },
  "DalamudSettingToggleDocking": {
    "message": "Activer l'ancrage des fenêtres",
    "description": "SettingsWindow.DrawLookAndFeelTab"
  },
  "DalamudSettingToggleDockingHint": {
    "message": "Cela vous permettra de fusionner en plusieurs onglets les fenêtres de plugins.",
    "description": "SettingsWindow.DrawLookAndFeelTab"
  },
  "DalamudSettingToggleGamepadNavigation": {
    "message": "Contrôler les plugins via la manette",
    "description": "SettingsWindow.DrawLookAndFeelTab"
  },
  "DalamudSettingToggleGamepadNavigationHint": {
    "message": "Cela vous permettra de basculer entre la navigation du jeu et celle des plugins via le raccourci L1+L3.\nActive/désactive l'apparition de la fenêtre de l'Installateur de Plugins via R3 si la navigation ImGui est activée.",
    "description": "SettingsWindow.DrawLookAndFeelTab"
  },
  "DalamudSettingToggleTsm": {
    "message": "Afficher le menu sur l'écran-titre",
    "description": "SettingsWindow.DrawLookAndFeelTab"
  },
  "DalamudSettingToggleTsmHint": {
    "message": "Cette option vous permettra d'accéder à certaines fonctionnalités de Dalamud et de certains Plugins directement depuis l'écran-titre.",
    "description": "SettingsWindow.DrawLookAndFeelTab"
  },
  "DalamudSettingsFontGamma": {
    "message": "Gamma de la fonte",
    "description": "SettingsWindow.DrawLookAndFeelTab"
  },
  "DalamudSettingsIndividualConfigResetToDefaultValue": {
    "message": "Réinitialiser",
    "description": "SettingsWindow.DrawLookAndFeelTab"
  },
  "DalamudSettingsFontGammaHint": {
    "message": "Modifie l'épaisseur du texte.",
    "description": "SettingsWindow.DrawLookAndFeelTab"
  },
  "DalamudSettingServerInfoBar": {
    "message": "Configuration de la Barre d'Infos du Serveur",
    "description": "SettingsWindow.DrawServerInfoBarTab"
  },
  "DalamudSettingServerInfoBarHint": {
    "message": "Certains plugins peuvent afficher des informations supplémentaires dans la Barre d'Infos du Serveur (celle où le monde & l'heure peuvent être vus).\nVous pouvez les réorganiser et les désactiver ici.",
    "description": "SettingsWindow.DrawServerInfoBarTab"
  },
  "DalamudSettingServerInfoBarDidNone": {
    "message": "Vous n'avez aucuns plugins qui utilisent cette fonctionnalité.",
    "description": "SettingsWindow.DrawServerInfoBarTab"
  },
  "DalamudSettingServerInfoBarSpacing": {
    "message": "Espacement sur la Barre d'Infos du Serveur",
    "description": "SettingsWindow.DrawServerInfoBarTab"
  },
  "DalamudSettingServerInfoBarSpacingHint": {
    "message": "Configurez ici la quantité d'espace à afficher entre les différentes entrées de la Barre d'Infos du Serveur.",
    "description": "SettingsWindow.DrawServerInfoBarTab"
  },
  "DalamudSettingServerInfoBarDirection": {
    "message": "Direction de la Barre d'Infos du Serveur",
    "description": "SettingsWindow.DrawServerInfoBarTab"
  },
  "DalamudSettingServerInfoBarDirectionHint": {
    "message": "Si cette case est cochée, les éléments de la Barre d'Infos du Serveur s'étendront vers la droite au lieu de vers la gauche.",
    "description": "SettingsWindow.DrawServerInfoBarTab"
  },
  "DalamudSettingsPluginTest": {
    "message": "Recevoir les versions tests des plugins",
    "description": "SettingsWindow.DrawExperimentalTab"
  },
  "DalamudSettingsPluginTestHint": {
    "message": "Cochez afin de recevoir les versions de test des plugins.",
    "description": "SettingsWindow.DrawExperimentalTab"
  },
  "DalamudSettingsPluginTestWarning": {
    "message": "Les plugins de test n'ont peut-être pas été testés avant d'être publiés. Installez les uniquement si vous êtes au courant des risques.",
    "description": "SettingsWindow.DrawExperimentalTab"
  },
  "DalamudSettingsClearHidden": {
    "message": "Remise à zero des plugins cachés",
    "description": "SettingsWindow.DrawExperimentalTab"
  },
  "DalamudSettingsClearHiddenHint": {
    "message": "Restaure les plugins que vous aviez cachés de l'installateur de plugins.",
    "description": "SettingsWindow.DrawExperimentalTab"
  },
  "DalamudSettingsCustomRepo": {
    "message": "Dépôts de plugins personnalisés",
    "description": "SettingsWindow.DrawCustomReposSection"
  },
  "DalamudSettingsChanged": {
    "message": "(Modifié)",
    "description": "SettingsWindow.DrawCustomReposSection"
  },
  "DalamudSettingCustomRepoHint": {
    "message": "Ajouter des dépôts de plugins personnalisés.",
    "description": "SettingsWindow.DrawCustomReposSection"
  },
  "DalamudSettingCustomRepoWarning": {
    "message": "Nous ne pouvons assumer aucune responsabilité pour les plugins et dépôts de tierces parties.\nFaites attention lorsque vous installez des plugins de sources tierces.",
    "description": "SettingsWindow.DrawCustomReposSection"
  },
  "DalamudThirdRepoExists": {
    "message": "Le dépôt existe déjà.",
    "description": "SettingsWindow.DrawCustomReposSection"
  },
  "DalamudSettingsDevPluginLocation": {
    "message": "Emplacement des plugins en développement",
    "description": "SettingsWindow.DrawDevPluginLocationsSection"
  },
  "DalamudSettingsDevPluginLocationsHint": {
    "message": "Ajouter des emplacements supplémentaires pour le chargement de plugins en développement.\nCeux-ci peuvent être soit le répertoire, soit le chemin vers la DLL.",
    "description": "SettingsWindow.DrawDevPluginLocationsSection"
  },
  "DalamudDevPluginLocationExists": {
    "message": "Cet emplacement existe déjà.",
    "description": "SettingsWindow.DrawDevPluginLocationsSection"
  },
  "Save": {
    "message": "Sauvegarder",
    "description": "SettingsWindow.DrawSaveCloseButtons"
  },
  "Close": {
    "message": "Fermer",
    "description": "SettingsWindow.DrawSaveCloseButtons"
  },
  "SaveAndClose": {
    "message": "Sauvegarder et Fermer",
    "description": "SettingsWindow.DrawSaveCloseButtons"
  },
  "RenameStyleModalTitle": {
    "message": "Renommer le Style",
    "description": "StyleEditorWindow.Draw"
  },
  "StyleEditorChooseStyle": {
    "message": "Choisir le Style :",
    "description": "StyleEditorWindow.Draw"
  },
  "StyleEditorAddNew": {
    "message": "Ajouter un nouveau Style",
    "description": "StyleEditorWindow.Draw"
  },
  "StyleEditorDeleteStyle": {
    "message": "Supprimer le Style actuel",
    "description": "StyleEditorWindow.Draw"
  },
  "StyleEditorRenameStyle": {
    "message": "Renommer le Style",
    "description": "StyleEditorWindow.Draw"
  },
  "StyleEditorCopy": {
    "message": "Copier le Style dans le presse-papiers pour le partager",
    "description": "StyleEditorWindow.Draw"
  },
  "StyleEditorImport": {
    "message": "Importer un Style depuis le presse-papiers",
    "description": "StyleEditorWindow.Draw"
  },
  "StyleEditorNotAllowed": {
    "message": "Vous ne pouvez pas modifier les Styles par défaut. Veuillez d'abord ajouter un nouveau Style.",
    "description": "StyleEditorWindow.Draw"
  },
  "StyleEditorApplying": {
    "message": "Application du Style...",
    "description": "StyleEditorWindow.Draw"
  },
  "StyleEditorVariables": {
    "message": "Variables",
    "description": "StyleEditorWindow.Draw"
  },
  "StyleEditorColors": {
    "message": "Couleurs",
    "description": "StyleEditorWindow.Draw"
  },
  "StyleEditorEnterName": {
    "message": "Veuillez entrer le nom de ce nouveau Style.",
    "description": "StyleEditorWindow.Draw"
  },
  "InstallerHeader": {
    "message": "Installateur de Plugins",
    "description": "Locs.get_WindowTitle"
  },
  "InstallerHeaderTesting": {
    "message": " (VERSION DE TEST)",
    "description": "Locs.get_WindowTitleMod_Testing"
  },
  "InstallerHint": {
    "message": "Cette fenêtre vous permet d’installer et de supprimer des plugins en jeu.\nIls sont développés par des développeurs tiers.",
    "description": "Locs.get_Header_Hint"
  },
  "InstallerSearch": {
    "message": "Rechercher",
    "description": "Locs.get_Header_SearchPlaceholder"
  },
  "InstallerAlphabetical": {
    "message": "Ordre alphabétique",
    "description": "Locs.get_SortBy_Alphabetical"
  },
  "InstallerDownloadCount": {
    "message": "Nombre de téléchargements",
    "description": "Locs.get_SortBy_DownloadCounts"
  },
  "InstallerLastUpdate": {
    "message": "Dernière mise à jour",
    "description": "Locs.get_SortBy_LastUpdate"
  },
  "InstallerNewOrNot": {
    "message": "Nouveau ou non",
    "description": "Locs.get_SortBy_NewOrNot"
  },
  "InstallerNotInstalled": {
    "message": "Non-installé",
    "description": "Locs.get_SortBy_NotInstalled"
  },
  "InstallerSortBy": {
    "message": "Trier par",
    "description": "Locs.get_SortBy_Label"
  },
  "InstallerLoading": {
    "message": "Chargement des plugins...",
    "description": "Locs.get_TabBody_LoadingPlugins"
  },
  "InstallerDownloadFailed": {
    "message": "Le téléchargement a échoué.",
    "description": "Locs.get_TabBody_DownloadFailed"
  },
  "InstallerSafeMode": {
    "message": "Dalamud fonctionne actuellement en Mode Sans Échec des Plugins, veuillez redémarrer pour activer les plugins.",
    "description": "Locs.get_TabBody_SafeMode"
  },
  "InstallerNoMatching": {
    "message": "Aucun plugin correspondant à votre recherche n'a été trouvé.",
    "description": "Locs.get_TabBody_SearchNoMatching"
  },
  "InstallerNoCompatible": {
    "message": "Aucun plugin compatible n'a été trouvé :( Veuillez relancer votre jeu et réessayer.",
    "description": "Locs.get_TabBody_SearchNoCompatible"
  },
  "InstallerNoInstalled": {
    "message": "Aucun plugin n'est actuellement installé. Vous pouvez les installer depuis l'onglet \"Tous les Plugins\".",
    "description": "Locs.get_TabBody_SearchNoInstalled"
  },
  "InstallerNoChangelog": {
    "message": "Aucun de vos plugins installés n'a d'historique de modification.",
    "description": "Locs.get_TabBody_ChangelogNone"
  },
  "InstallerInstalled": {
    "message": " (installé)",
    "description": "Locs.get_PluginTitleMod_Installed"
  },
  "InstallerDisabled": {
    "message": " (désactivé)",
    "description": "Locs.get_PluginTitleMod_Disabled"
  },
  "InstallerUnloaded": {
    "message": " (non-initialisé)",
    "description": "Locs.get_PluginTitleMod_Unloaded"
  },
  "InstallerHasUpdate": {
    "message": " (mise à jour disponible)",
    "description": "Locs.get_PluginTitleMod_HasUpdate"
  },
  "InstallerUpdated": {
    "message": " (à jour)",
    "description": "Locs.get_PluginTitleMod_Updated"
  },
  "InstallerTestingVersion": {
    "message": " (version de test)",
    "description": "Locs.get_PluginTitleMod_TestingVersion"
  },
  "InstallerUpdateFailed": {
    "message": " (échec de la mise à jour)",
    "description": "Locs.get_PluginTitleMod_UpdateFailed"
  },
  "InstallerLoadError": {
    "message": " (erreur d'initialisation)",
    "description": "Locs.get_PluginTitleMod_LoadError"
  },
  "InstallerUnloadError": {
    "message": " (erreur de désinitialisation)",
    "description": "Locs.get_PluginTitleMod_UnloadError"
  },
  "InstallerOutdatedError": {
    "message": " (obsolète)",
    "description": "Locs.get_PluginTitleMod_OutdatedError"
  },
  "InstallerBannedError": {
    "message": " (désactivé automatiquement)",
    "description": "Locs.get_PluginTitleMod_BannedError"
  },
  "InstallerNewPlugin ": {
    "message": " Nouveau!",
    "description": "Locs.get_PluginTitleMod_New"
  },
  "InstallerMarkAllSeen": {
    "message": "Marquer tous comme vus",
    "description": "Locs.get_PluginContext_MarkAllSeen"
  },
  "InstallerHidePlugin": {
    "message": "Masquer de l'Installateur",
    "description": "Locs.get_PluginContext_HidePlugin"
  },
  "InstallerDeletePluginConfig": {
    "message": "Réinitialiser le plugin",
    "description": "Locs.get_PluginContext_DeletePluginConfig"
  },
  "InstallerDeletePluginConfigReload": {
    "message": "Réinitialiser les paramètres du plugin et recharger",
    "description": "Locs.get_PluginContext_DeletePluginConfigReload"
  },
  "InstallerAuthorWithoutDownloadCount": {
    "message": " par {0}",
    "description": "Locs.PluginBody_AuthorWithoutDownloadCount"
  },
  "InstallerAuthorWithDownloadCount": {
    "message": " par {0}, {1} téléchargements",
    "description": "Locs.PluginBody_AuthorWithDownloadCount"
  },
  "InstallerAuthorWithDownloadCountUnavailable": {
    "message": " par {0}, nombre de téléchargements indisponible",
    "description": "Locs.PluginBody_AuthorWithDownloadCountUnavailable"
  },
  "InstallerHeaderAuthor": {
    "message": " par {0}",
    "description": "Locs.PluginBody_Author"
  },
  "InstallerHeaderDownloadCount": {
    "message": ", {0} téléchargements",
    "description": "Locs.PluginBody_DownloadCount"
  },
  "InstallerDevPluginPath": {
    "message": "Provenant de {0}",
    "description": "Locs.PluginBody_DevPluginPath"
  },
  "InstallerPlugin3rdPartyRepo": {
    "message": "Provenant du dépôt de plugins personnalisés {0}",
    "description": "Locs.PluginBody_Plugin3rdPartyRepo"
  },
  "InstallerDevPlugin": {
    "message": " Ce plugin est disponible dans un de vos dépôts, veuillez le supprimer du dossier devPlugins.",
    "description": "Locs.get_PluginBody_AvailableDevPlugin"
  },
  "InstallerDeleteDevPlugin ": {
    "message": " Pour supprimer ce plugin, veuillez le supprimer du dossier devPlugins.",
    "description": "Locs.get_PluginBody_DeleteDevPlugin"
  },
  "InstallerOutdatedPluginBody ": {
    "message": "Ce plugin est obsolète et incompatible pour le moment. Veuillez attendre qu'il soit mis à jour par son auteur.",
    "description": "Locs.get_PluginBody_Outdated"
  },
  "InstallerBannedPluginBody ": {
    "message": "Ce plugin est automatiquement désactivé en raison d'incompatibilités et n'est pas disponible pour le moment. Veuillez attendre qu'il soit mis à jour par son auteur.",
    "description": "Locs.get_PluginBody_Banned"
  },
  "InstallerBannedPluginBodyReason ": {
    "message": "Ce plugin a été automatiquement désactivé : {0}",
    "description": "Locs.PluginBody_BannedReason"
  },
  "InstallerInstall": {
    "message": "Installer la v{0}",
    "description": "Locs.PluginButton_InstallVersion"
  },
  "InstallerWorking": {
    "message": "En fonctionnement",
    "description": "Locs.get_PluginButton_Working"
  },
  "InstallerDisable": {
    "message": "Désactiver",
    "description": "Locs.get_PluginButton_Disable"
  },
  "InstallerLoad": {
    "message": "Initialiser",
    "description": "Locs.get_PluginButton_Load"
  },
  "InstallerUnload": {
    "message": "Désinitialiser",
    "description": "Locs.get_PluginButton_Unload"
  },
  "InstallerOpenConfig": {
    "message": "Ouvrir la configuration",
    "description": "Locs.get_PluginButtonToolTip_OpenConfiguration"
  },
  "InstallerStartOnBoot": {
    "message": "Lancer au démarrage",
    "description": "Locs.get_PluginButtonToolTip_StartOnBoot"
  },
  "InstallerAutomaticReloading": {
    "message": "Réinitialisation automatique",
    "description": "Locs.get_PluginButtonToolTip_AutomaticReloading"
  },
  "InstallerDeletePlugin ": {
    "message": "Supprimer le plugin",
    "description": "Locs.get_PluginButtonToolTip_DeletePlugin"
  },
  "InstallerVisitPluginUrl": {
    "message": "Visiter l'URL du plugin",
    "description": "Locs.get_PluginButtonToolTip_VisitPluginUrl"
  },
  "InstallerUpdateSingle": {
    "message": "Metre à jour vers {0}",
    "description": "Locs.PluginButtonToolTip_UpdateSingle"
  },
  "InstallerUnloadFailedTooltip": {
    "message": "La désinitialisation du plugin a échoué, veuillez redémarrer votre jeu et réessayer.",
    "description": "Locs.get_PluginButtonToolTip_UnloadFailed"
  },
  "NotificationsPluginInstalledTitle": {
    "message": "Plugin installé !",
    "description": "Locs.get_Notifications_PluginInstalledTitle"
  },
  "NotificationsPluginInstalled": {
    "message": "'{0}' a été installé avec succès.",
    "description": "Locs.Notifications_PluginInstalled"
  },
  "NotificationsPluginNotInstalledTitle": {
    "message": "Plugin non installé !",
    "description": "Locs.get_Notifications_PluginNotInstalledTitle"
  },
  "NotificationsPluginNotInstalled": {
    "message": "'{0}' n'a pas pu être installé.",
    "description": "Locs.Notifications_PluginNotInstalled"
  },
  "NotificationsNoUpdatesFoundTitle": {
    "message": "Pas de mises à jour trouvées !",
    "description": "Locs.get_Notifications_NoUpdatesFoundTitle"
  },
  "NotificationsNoUpdatesFound": {
    "message": "Aucune mise à jour n'a été trouvée.",
    "description": "Locs.get_Notifications_NoUpdatesFound"
  },
  "NotificationsUpdatesInstalledTitle": {
    "message": "Mises à jour installées !",
    "description": "Locs.get_Notifications_UpdatesInstalledTitle"
  },
  "NotificationsUpdatesInstalled": {
    "message": "Les mises à jour de {0} de vos plugins ont été installées.",
    "description": "Locs.Notifications_UpdatesInstalled"
  },
  "NotificationsPluginDisabledTitle": {
    "message": "Plugin désactivé !",
    "description": "Locs.get_Notifications_PluginDisabledTitle"
  },
  "NotificationsPluginDisabled": {
    "message": "'{0}' a été désactivé.",
    "description": "Locs.Notifications_PluginDisabled"
  },
  "InstallerUpdatePlugins": {
    "message": "Mettre à jour les plugins",
    "description": "Locs.get_FooterButton_UpdatePlugins"
  },
  "InstallerInProgress": {
    "message": "Installation en cours...",
    "description": "Locs.get_FooterButton_InProgress"
  },
  "InstallerNoUpdates": {
    "message": "Pas de mise à jour trouvée !",
    "description": "Locs.get_FooterButton_NoUpdates"
  },
  "InstallerUpdateComplete": {
    "message": "{0} plugin(s) mis à jour !",
    "description": "Locs.FooterButton_UpdateComplete"
  },
  "InstallerSettings": {
    "message": "Paramètres",
    "description": "Locs.get_FooterButton_Settings"
  },
  "InstallerScanDevPlugins": {
    "message": "Recherche de nouveaux plugins en développement",
    "description": "Locs.get_FooterButton_ScanDevPlugins"
  },
  "InstallerClose": {
    "message": "Fermer",
    "description": "Locs.get_FooterButton_Close"
  },
  "InstallerError": {
    "message": "Erreur de l'Installateur",
    "description": "Locs.get_ErrorModal_Title"
  },
  "InstallerContactAuthor": {
    "message": "Veuillez redémarrer votre jeu et réessayer. Si cette erreur se produit à nouveau, veuillez contacter l'auteur du plugin.",
    "description": "Locs.get_ErrorModal_InstallContactAuthor"
  },
  "InstallerInstallFail": {
    "message": "Échec lors de l'installation du plugin {0}.\n{1}",
    "description": "Locs.ErrorModal_InstallFail"
  },
  "InstallerSingleUpdateFail": {
    "message": "Échec lors de la mise à jour du plugin {0}.\n{1}",
    "description": "Locs.ErrorModal_SingleUpdateFail"
  },
  "InstallerDeleteConfigFail": {
    "message": "Échec lors de la réinstallation du plugin {0}.\n\nCe plugin peut ne pas prendre en charge cette action. Vous pouvez essayer de supprimer manuellement sa configuration tant que le jeu n'est pas lancé — veuillez consulter la FAQ.",
    "description": "Locs.ErrorModal_DeleteConfigFail"
  },
  "InstallerEnableFail": {
    "message": "Échec lors de l'activation du plugin {0}.\n{1}",
    "description": "Locs.ErrorModal_EnableFail"
  },
  "InstallerDisableFail": {
    "message": "Échec lors de la désactivation du plugin {0}.\n{1}",
    "description": "Locs.ErrorModal_DisableFail"
  },
  "InstallerUnloadFail": {
    "message": "Échec lors de la désinitialisation du plugin {0}.\n{1}",
    "description": "Locs.ErrorModal_UnloadFail"
  },
  "InstallerLoadFail": {
    "message": "Échec lors de l'initialisation du plugin {0}.\n{1}",
    "description": "Locs.ErrorModal_LoadFail"
  },
  "InstallerDeleteFail": {
    "message": "Échec lors de la suppression du plugin {0}.\n{1}",
    "description": "Locs.ErrorModal_DeleteFail"
  },
  "InstallerUpdaterFatal": {
    "message": "Échec rencontré durant la mise à jour des plugins.\nVeuillez redémarrer votre jeu et réessayer. Si cette erreur se produit à nouveau, veuillez venir vous plaindre.",
    "description": "Locs.get_ErrorModal_UpdaterFatal"
  },
  "InstallerUpdaterFail": {
    "message": "Échec rencontré durant la mise à jour de {0} plugins.\nVeuillez redémarrer votre jeu et réessayer. Si cette erreur se produit à nouveau, veuillez venir vous plaindre.",
    "description": "Locs.ErrorModal_UpdaterFail"
  },
  "InstallerUpdaterFailPartial": {
    "message": "{0} plugins ont été mis à jour, tandis que {1} ont vu leur mise à jour échouer.\nVeuillez redémarrer votre jeu et réessayer. Si cette erreur se produit à nouveau, veuillez venir vous plaindre.",
    "description": "Locs.ErrorModal_UpdaterFailPartial"
  },
  "InstallerErrorPluginInfo": {
    "message": "\n\nLes plugins suivants ont causé ces problèmes :\n\n{0}\nVous voudrez peut-être essayer de retirer ces plugins manuellement et de les réinstaller.",
    "description": "Locs.ErrorModal_HintBlame"
  },
  "InstallerFeedback": {
    "message": "Envoyer un commentaire",
    "description": "Locs.get_FeedbackModal_Title"
  },
  "InstallerFeedbackInfo": {
    "message": "Vous pouvez envoyer vos commentaires au développeur de \"{0}\" ici.\nVous pouvez inclure votre tag Discord ou votre adresse e-mail si vous souhaitez leur donner la possibilité de répondre.\n\nSi vous voulez signaler une erreur avec le problème, nous vous recommandons de rejoindre le serveur Discord de XIVLauncher.",
    "description": "Locs.FeedbackModal_Text"
  },
  "InstallerFeedbackHasUpdate": {
    "message": "Une nouvelle version de ce plugin est disponible, veuillez le mettre à jour avant de signaler des bugs.",
    "description": "Locs.get_FeedbackModal_HasUpdate"
  },
  "InstallerFeedbackContactInfo": {
    "message": "Informations de contact",
    "description": "Locs.get_FeedbackModal_ContactInformation"
  },
  "InstallerFeedbackIncludeLastError": {
    "message": "Inclure le dernier message d'erreur",
    "description": "Locs.get_FeedbackModal_IncludeLastError"
  },
  "InstallerFeedbackIncludeLastErrorHint": {
    "message": "Cette option peut donner au développeur du plugin des informations utiles sur le problème que vous avez rencontré.",
    "description": "Locs.get_FeedbackModal_IncludeLastErrorHint"
  },
  "InstallerFeedbackHint": {
    "message": "Tous les développeurs de plugins pourront voir vos commentaires.\nVeuillez ne jamais inclure d'informations personnelles ou révélatrices de votre identité.\nSi vous avez choisi d'inclure le dernier message d'erreur, des informations telles que votre nom d'utilisateur Windows peuvent être incluses.\n\nLes commentaires recueillis ne sont pas stockés de notre côté et sont immédiatement relayés via Discord.",
    "description": "Locs.get_FeedbackModal_Hint"
  },
  "InstallerFeedbackNotificationSuccess": {
    "message": "Votre commentaire a été envoyé avec succès !",
    "description": "Locs.get_FeedbackModal_NotificationSuccess"
  },
  "InstallerFeedbackNotificationError": {
    "message": "Votre commentaire n'a pas pu être envoyé.",
    "description": "Locs.get_FeedbackModal_NotificationError"
  },
  "DalamudPluginUpdates": {
    "message": "Mises à jour :",
    "description": "Locs.get_PluginUpdateHeader_Chatbox"
  },
  "OK": {
    "message": "OK",
    "description": "Locs.get_ErrorModalButton_Ok"
  },
  "DalamudWelcome": {
    "message": "Dalamud vD{0} chargé.",
    "description": "ChatHandlers.PrintWelcomeMessage"
  },
  "PluginsWelcome": {
    "message": " {0} plugin(s) chargé(s).",
    "description": "ChatHandlers.PrintWelcomeMessage"
  },
  "DalamudPluginLoaded": {
    "message": "    》 {0} v{1} chargé.",
    "description": "ChatHandlers.PrintWelcomeMessage"
  },
  "DalamudUpdated": {
    "message": "Dalamud a été mis à jour avec succès ! Veuillez consulter le serveur Discord pour un historique complet des modifications effectuées.",
    "description": "ChatHandlers.PrintWelcomeMessage"
  },
  "DalamudPluginUpdateCheckFail": {
    "message": "Impossible de vérifier les mises à jour des plugins.",
    "description": "<>c__DisplayClass16_0.<AutoUpdatePlugins>b__1"
  },
  "DalamudPluginAutoUpdate": {
    "message": "Mise à jour automatique :",
    "description": "<>c__DisplayClass16_0.<AutoUpdatePlugins>b__1"
  },
  "NotificationUpdatedPlugins": {
    "message": "{0} de vos plugins ont été mis à jour.",
    "description": "<>c__DisplayClass16_0.<AutoUpdatePlugins>b__1"
  },
  "NotificationAutoUpdate": {
    "message": "Mise à jour automatique",
    "description": "<>c__DisplayClass16_0.<AutoUpdatePlugins>b__1"
  },
  "DalamudPluginUpdateRequired": {
    "message": "Un ou plusieurs plugins ne sont plus à jour. Veuillez utiliser la commande en jeu /xlplugins pour les mettre à jour !",
    "description": "<>c__DisplayClass16_0.<AutoUpdatePlugins>b__1"
  },
  "SystemMenuPlugins": {
    "message": "Plugins de Dalamud",
    "description": "DalamudAtkTweaks..ctor"
  },
  "SystemMenuSettings": {
    "message": "Paramètres de Dalamud",
    "description": "DalamudAtkTweaks..ctor"
  }
}